Action,UserID,Password,NEWPassword,FamilyName,GivenName,UserRole
AU,TESTSB1,welcome1,welcome2,TEST,SB1,S
AU,TESTSB2,welcome1,welcome2,TEST,SB2,S
AU,TESTSB3,welcome1,welcome2,TEST,SB3,S
AU,TESTSB4,welcome1,welcome2,TEST,SB4,S
AU,TESTSB5,welcome1,welcome2,TEST,SB5,S
AU,TESTSB6,welcome1,welcome2,TEST,SB6,S
AU,TESTSB7,welcome1,welcome2,TEST,SB7,S
AU,TESTSB8,welcome1,welcome2,TEST,SB8,S
AU,TESTSB9,welcome1,welcome2,TEST,SB9,S
AU,TESTSB10,welcome1,welcome2,TEST,SB10,S
AU,TESTSB11,welcome1,welcome2,TEST,SB11,S
AU,TESTSB12,welcome1,welcome2,TEST,SB12,S
AU,TESTSB13,welcome1,welcome2,TEST,SB13,S
AU,TESTSB14,welcome1,welcome2,TEST,SB14,S
AU,TESTSB15,welcome1,welcome2,TEST,SB15,S
AU,TESTSB16,welcome1,welcome2,TEST,SB16,S
AU,TESTSB17,welcome1,welcome2,TEST,SB17,S
AU,TESTSB18,welcome1,welcome2,TEST,SB18,S
AU,TESTSB19,welcome1,welcome2,TEST,SB19,S
AU,TESTSB20,welcome1,welcome2,TEST,SB20,S
AU,TESTSB21,welcome1,welcome2,TEST,SB21,S
AU,TESTSB22,welcome1,welcome2,TEST,SB22,S
AU,TESTSB23,welcome1,welcome2,TEST,SB23,S
AU,TESTSB24,welcome1,welcome2,TEST,SB24,S
AU,TESTSB25,welcome1,welcome2,TEST,SB25,S
AU,TESTSB26,welcome1,welcome2,TEST,SB26,S
AU,TESTSB27,welcome1,welcome2,TEST,SB27,S
AU,TESTSB28,welcome1,welcome2,TEST,SB28,S
AU,TESTSB29,welcome1,welcome2,TEST,SB29,S
AU,TESTSB30,welcome1,welcome2,TEST,SB30,S
AU,TESTSB31,welcome1,welcome2,TEST,SB31,S
AU,TESTSB32,welcome1,welcome2,TEST,SB32,S
AU,TESTSB33,welcome1,welcome2,TEST,SB33,S
AU,TESTSB34,welcome1,welcome2,TEST,SB34,S
AU,TESTSB35,welcome1,welcome2,TEST,SB35,S
AU,TESTSB36,welcome1,welcome2,TEST,SB36,S
AU,TESTSB37,welcome1,welcome2,TEST,SB37,S
AU,TESTSB38,welcome1,welcome2,TEST,SB38,S
AU,TESTSB39,welcome1,welcome2,TEST,SB39,S
AU,TESTSB40,welcome1,welcome2,TEST,SB40,S
AU,TESTSB41,welcome1,welcome2,TEST,SB41,S
AU,TESTSB42,welcome1,welcome2,TEST,SB42,S
AU,TESTSB43,welcome1,welcome2,TEST,SB43,S
AU,TESTSB44,welcome1,welcome2,TEST,SB44,S
AU,TESTSB45,welcome1,welcome2,TEST,SB45,S
AU,TESTSB46,welcome1,welcome2,TEST,SB46,S
AU,TESTSB47,welcome1,welcome2,TEST,SB47,S
AU,TESTSB48,welcome1,welcome2,TEST,SB48,S
AU,TESTSB49,welcome1,welcome2,TEST,SB49,S
AU,TESTSB50,welcome1,welcome2,TEST,SB50,S
AU,TESTSB51,welcome1,welcome2,TEST,SB51,S
AU,TESTSB52,welcome1,welcome2,TEST,SB52,S
AU,TESTSB53,welcome1,welcome2,TEST,SB53,S
AU,TESTSB54,welcome1,welcome2,TEST,SB54,S
AU,TESTSB55,welcome1,welcome2,TEST,SB55,S
AU,TESTSB56,welcome1,welcome2,TEST,SB56,S
AU,TESTSB57,welcome1,welcome2,TEST,SB57,S
AU,TESTSB58,welcome1,welcome2,TEST,SB58,S
AU,TESTSB59,welcome1,welcome2,TEST,SB59,S
AU,TESTSB60,welcome1,welcome2,TEST,SB60,S
AU,TESTSB61,welcome1,welcome2,TEST,SB61,S
AU,TESTSB62,welcome1,welcome2,TEST,SB62,S
AU,TESTSB63,welcome1,welcome2,TEST,SB63,S
AU,TESTSB64,welcome1,welcome2,TEST,SB64,S
AU,TESTSB65,welcome1,welcome2,TEST,SB65,S
AU,TESTSB66,welcome1,welcome2,TEST,SB66,S
AU,TESTSB67,welcome1,welcome2,TEST,SB67,S
AU,TESTSB68,welcome1,welcome2,TEST,SB68,S
AU,TESTSB69,welcome1,welcome2,TEST,SB69,S
AU,TESTSB70,welcome1,welcome2,TEST,SB70,S
AU,TESTSB71,welcome1,welcome2,TEST,SB71,S
AU,TESTSB72,welcome1,welcome2,TEST,SB72,S
AU,TESTSB73,welcome1,welcome2,TEST,SB73,S
AU,TESTSB74,welcome1,welcome2,TEST,SB74,S
AU,TESTSB75,welcome1,welcome2,TEST,SB75,S
AU,TESTSB76,welcome1,welcome2,TEST,SB76,S
AU,TESTSB77,welcome1,welcome2,TEST,SB77,S
AU,TESTSB78,welcome1,welcome2,TEST,SB78,S
AU,TESTSB79,welcome1,welcome2,TEST,SB79,S
AU,TESTSB80,welcome1,welcome2,TEST,SB80,S
AU,TESTSB81,welcome1,welcome2,TEST,SB81,S
AU,TESTSB82,welcome1,welcome2,TEST,SB82,S
AU,TESTSB83,welcome1,welcome2,TEST,SB83,S
AU,TESTSB84,welcome1,welcome2,TEST,SB84,S
AU,TESTSB85,welcome1,welcome2,TEST,SB85,S
AU,TESTSB86,welcome1,welcome2,TEST,SB86,S
AU,TESTSB87,welcome1,welcome2,TEST,SB87,S
AU,TESTSB88,welcome1,welcome2,TEST,SB88,S
AU,TESTSB89,welcome1,welcome2,TEST,SB89,S
AU,TESTSB90,welcome1,welcome2,TEST,SB90,S
AU,TESTSB91,welcome1,welcome2,TEST,SB91,S
AU,TESTSB92,welcome1,welcome2,TEST,SB92,S
AU,TESTSB93,welcome1,welcome2,TEST,SB93,S
AU,TESTSB94,welcome1,welcome2,TEST,SB94,S
AU,TESTSB95,welcome1,welcome2,TEST,SB95,S
AU,TESTSB96,welcome1,welcome2,TEST,SB96,S
AU,TESTSB97,welcome1,welcome2,TEST,SB97,S
AU,TESTSB98,welcome1,welcome2,TEST,SB98,S
AU,TESTSB99,welcome1,welcome2,TEST,SB99,S
AU,TESTSB100,welcome1,welcome2,TEST,SB100,S
AU,TESTSB101,welcome1,welcome2,TEST,SB101,S
AU,TESTSB102,welcome1,welcome2,TEST,SB102,S
AU,TESTSB103,welcome1,welcome2,TEST,SB103,S
AU,TESTSB104,welcome1,welcome2,TEST,SB104,S
AU,TESTSB105,welcome1,welcome2,TEST,SB105,S
AU,TESTSB106,welcome1,welcome2,TEST,SB106,S
AU,TESTSB107,welcome1,welcome2,TEST,SB107,S
AU,TESTSB108,welcome1,welcome2,TEST,SB108,S
AU,TESTSB109,welcome1,welcome2,TEST,SB109,S
AU,TESTSB110,welcome1,welcome2,TEST,SB110,S
AU,TESTSB111,welcome1,welcome2,TEST,SB111,S
AU,TESTSB112,welcome1,welcome2,TEST,SB112,S
AU,TESTSB113,welcome1,welcome2,TEST,SB113,S
AU,TESTSB114,welcome1,welcome2,TEST,SB114,S
AU,TESTSB115,welcome1,welcome2,TEST,SB115,S
AU,TESTSB116,welcome1,welcome2,TEST,SB116,S
AU,TESTSB117,welcome1,welcome2,TEST,SB117,S
AU,TESTSB118,welcome1,welcome2,TEST,SB118,S
AU,TESTSB119,welcome1,welcome2,TEST,SB119,S
AU,TESTSB120,welcome1,welcome2,TEST,SB120,S
AU,TESTSB121,welcome1,welcome2,TEST,SB121,S
AU,TESTSB122,welcome1,welcome2,TEST,SB122,S
AU,TESTSB123,welcome1,welcome2,TEST,SB123,S
AU,TESTSB124,welcome1,welcome2,TEST,SB124,S
AU,TESTSB125,welcome1,welcome2,TEST,SB125,S
