Action,UserINAV,Password,FamilyName,GivenName,UserRole
AU,TESTSB1500,welcome1,TEST,SB1500,S
AU,TESTSB1501,welcome1,TEST,SB1501,S
AU,TESTSB1502,welcome1,TEST,SB1502,S
AU,TESTSB1503,welcome1,TEST,SB1503,S
AU,TESTSB1504,welcome1,TEST,SB1504,S
AU,TESTSB1505,welcome1,TEST,SB1505,S
AU,TESTSB1506,welcome1,TEST,SB1506,S
AU,TESTSB1507,welcome1,TEST,SB1507,S
AU,TESTSB1508,welcome1,TEST,SB1508,S
AU,TESTSB1509,welcome1,TEST,SB1509,S
AU,TESTSB1510,welcome1,TEST,SB1510,S
AU,TESTSB1511,welcome1,TEST,SB1511,S
AU,TESTSB1512,welcome1,TEST,SB1512,S
AU,TESTSB1513,welcome1,TEST,SB1513,S
AU,TESTSB1514,welcome1,TEST,SB1514,S
AU,TESTSB1515,welcome1,TEST,SB1515,S
AU,TESTSB1516,welcome1,TEST,SB1516,S
AU,TESTSB1517,welcome1,TEST,SB1517,S
AU,TESTSB1518,welcome1,TEST,SB1518,S
AU,TESTSB1519,welcome1,TEST,SB1519,S
AU,TESTSB1520,welcome1,TEST,SB1520,S
AU,TESTSB1521,welcome1,TEST,SB1521,S
AU,TESTSB1522,welcome1,TEST,SB1522,S
AU,TESTSB1523,welcome1,TEST,SB1523,S
AU,TESTSB1524,welcome1,TEST,SB1524,S
AU,TESTSB1525,welcome1,TEST,SB1525,S
AU,TESTSB1526,welcome1,TEST,SB1526,S
AU,TESTSB1527,welcome1,TEST,SB1527,S
AU,TESTSB1528,welcome1,TEST,SB1528,S
AU,TESTSB1529,welcome1,TEST,SB1529,S
AU,TESTSB1530,welcome1,TEST,SB1530,S
AU,TESTSB1531,welcome1,TEST,SB1531,S
AU,TESTSB1532,welcome1,TEST,SB1532,S
AU,TESTSB1533,welcome1,TEST,SB1533,S
AU,TESTSB1534,welcome1,TEST,SB1534,S
AU,TESTSB1535,welcome1,TEST,SB1535,S
AU,TESTSB1536,welcome1,TEST,SB1536,S
AU,TESTSB1537,welcome1,TEST,SB1537,S
AU,TESTSB1538,welcome1,TEST,SB1538,S
AU,TESTSB1539,welcome1,TEST,SB1539,S
AU,TESTSB1540,welcome1,TEST,SB1540,S
AU,TESTSB1541,welcome1,TEST,SB1541,S
AU,TESTSB1542,welcome1,TEST,SB1542,S
AU,TESTSB1543,welcome1,TEST,SB1543,S
AU,TESTSB1544,welcome1,TEST,SB1544,S
AU,TESTSB1545,welcome1,TEST,SB1545,S
AU,TESTSB1546,welcome1,TEST,SB1546,S
AU,TESTSB1547,welcome1,TEST,SB1547,S
AU,TESTSB1548,welcome1,TEST,SB1548,S
AU,TESTSB1549,welcome1,TEST,SB1549,S
AU,TESTSB1550,welcome1,TEST,SB1550,S
AU,TESTSB1551,welcome1,TEST,SB1551,S
AU,TESTSB1552,welcome1,TEST,SB1552,S
AU,TESTSB1553,welcome1,TEST,SB1553,S
AU,TESTSB1554,welcome1,TEST,SB1554,S
AU,TESTSB1555,welcome1,TEST,SB1555,S
AU,TESTSB1556,welcome1,TEST,SB1556,S
AU,TESTSB1557,welcome1,TEST,SB1557,S
AU,TESTSB1558,welcome1,TEST,SB1558,S
AU,TESTSB1559,welcome1,TEST,SB1559,S
AU,TESTSB1560,welcome1,TEST,SB1560,S
AU,TESTSB1561,welcome1,TEST,SB1561,S
AU,TESTSB1562,welcome1,TEST,SB1562,S
AU,TESTSB1563,welcome1,TEST,SB1563,S
AU,TESTSB1564,welcome1,TEST,SB1564,S
AU,TESTSB1565,welcome1,TEST,SB1565,S
AU,TESTSB1566,welcome1,TEST,SB1566,S
AU,TESTSB1567,welcome1,TEST,SB1567,S
AU,TESTSB1568,welcome1,TEST,SB1568,S
AU,TESTSB1569,welcome1,TEST,SB1569,S
AU,TESTSB1570,welcome1,TEST,SB1570,S
AU,TESTSB1571,welcome1,TEST,SB1571,S
AU,TESTSB1572,welcome1,TEST,SB1572,S
AU,TESTSB1573,welcome1,TEST,SB1573,S
AU,TESTSB1574,welcome1,TEST,SB1574,S
AU,TESTSB1575,welcome1,TEST,SB1575,S
AU,TESTSB1576,welcome1,TEST,SB1576,S
AU,TESTSB1577,welcome1,TEST,SB1577,S
AU,TESTSB1578,welcome1,TEST,SB1578,S
AU,TESTSB1579,welcome1,TEST,SB1579,S
AU,TESTSB1580,welcome1,TEST,SB1580,S
AU,TESTSB1581,welcome1,TEST,SB1581,S
AU,TESTSB1582,welcome1,TEST,SB1582,S
AU,TESTSB1583,welcome1,TEST,SB1583,S
AU,TESTSB1584,welcome1,TEST,SB1584,S
AU,TESTSB1585,welcome1,TEST,SB1585,S
AU,TESTSB1586,welcome1,TEST,SB1586,S
AU,TESTSB1587,welcome1,TEST,SB1587,S
AU,TESTSB1588,welcome1,TEST,SB1588,S
AU,TESTSB1589,welcome1,TEST,SB1589,S
AU,TESTSB1590,welcome1,TEST,SB1590,S
AU,TESTSB1591,welcome1,TEST,SB1591,S
AU,TESTSB1592,welcome1,TEST,SB1592,S
AU,TESTSB1593,welcome1,TEST,SB1593,S
AU,TESTSB1594,welcome1,TEST,SB1594,S
AU,TESTSB1595,welcome1,TEST,SB1595,S
AU,TESTSB1596,welcome1,TEST,SB1596,S
AU,TESTSB1597,welcome1,TEST,SB1597,S
AU,TESTSB1598,welcome1,TEST,SB1598,S
AU,TESTSB1599,welcome1,TEST,SB1599,S
AU,TESTSB1600,welcome1,TEST,SB1600,S
AU,TESTSB1601,welcome1,TEST,SB1601,S
AU,TESTSB1602,welcome1,TEST,SB1602,S
AU,TESTSB1603,welcome1,TEST,SB1603,S
AU,TESTSB1604,welcome1,TEST,SB1604,S
AU,TESTSB1605,welcome1,TEST,SB1605,S
AU,TESTSB1606,welcome1,TEST,SB1606,S
AU,TESTSB1607,welcome1,TEST,SB1607,S
AU,TESTSB1608,welcome1,TEST,SB1608,S
AU,TESTSB1609,welcome1,TEST,SB1609,S
AU,TESTSB1610,welcome1,TEST,SB1610,S
AU,TESTSB1611,welcome1,TEST,SB1611,S
AU,TESTSB1612,welcome1,TEST,SB1612,S
AU,TESTSB1613,welcome1,TEST,SB1613,S
AU,TESTSB1614,welcome1,TEST,SB1614,S
AU,TESTSB1615,welcome1,TEST,SB1615,S
AU,TESTSB1616,welcome1,TEST,SB1616,S
AU,TESTSB1617,welcome1,TEST,SB1617,S
AU,TESTSB1618,welcome1,TEST,SB1618,S
AU,TESTSB1619,welcome1,TEST,SB1619,S
AU,TESTSB1620,welcome1,TEST,SB1620,S
AU,TESTSB1621,welcome1,TEST,SB1621,S
AU,TESTSB1622,welcome1,TEST,SB1622,S
AU,TESTSB1623,welcome1,TEST,SB1623,S
AU,TESTSB1624,welcome1,TEST,SB1624,S
AU,TESTSB1625,welcome1,TEST,SB1625,S
AU,TESTSB1626,welcome1,TEST,SB1626,S
AU,TESTSB1627,welcome1,TEST,SB1627,S
AU,TESTSB1628,welcome1,TEST,SB1628,S
AU,TESTSB1629,welcome1,TEST,SB1629,S
AU,TESTSB1630,welcome1,TEST,SB1630,S
AU,TESTSB1631,welcome1,TEST,SB1631,S
AU,TESTSB1632,welcome1,TEST,SB1632,S
AU,TESTSB1633,welcome1,TEST,SB1633,S
AU,TESTSB1634,welcome1,TEST,SB1634,S
AU,TESTSB1635,welcome1,TEST,SB1635,S
AU,TESTSB1636,welcome1,TEST,SB1636,S
AU,TESTSB1637,welcome1,TEST,SB1637,S
AU,TESTSB1638,welcome1,TEST,SB1638,S
AU,TESTSB1639,welcome1,TEST,SB1639,S
AU,TESTSB1640,welcome1,TEST,SB1640,S
AU,TESTSB1641,welcome1,TEST,SB1641,S
AU,TESTSB1642,welcome1,TEST,SB1642,S
AU,TESTSB1643,welcome1,TEST,SB1643,S
AU,TESTSB1644,welcome1,TEST,SB1644,S
AU,TESTSB1645,welcome1,TEST,SB1645,S
AU,TESTSB1646,welcome1,TEST,SB1646,S
AU,TESTSB1647,welcome1,TEST,SB1647,S
AU,TESTSB1648,welcome1,TEST,SB1648,S
AU,TESTSB1649,welcome1,TEST,SB1649,S
AU,TESTSB1650,welcome1,TEST,SB1650,S
AU,TESTSB1651,welcome1,TEST,SB1651,S
AU,TESTSB1652,welcome1,TEST,SB1652,S
AU,TESTSB1653,welcome1,TEST,SB1653,S
AU,TESTSB1654,welcome1,TEST,SB1654,S
AU,TESTSB1655,welcome1,TEST,SB1655,S
AU,TESTSB1656,welcome1,TEST,SB1656,S
AU,TESTSB1657,welcome1,TEST,SB1657,S
AU,TESTSB1658,welcome1,TEST,SB1658,S
AU,TESTSB1659,welcome1,TEST,SB1659,S
AU,TESTSB1660,welcome1,TEST,SB1660,S
AU,TESTSB1661,welcome1,TEST,SB1661,S
AU,TESTSB1662,welcome1,TEST,SB1662,S
AU,TESTSB1663,welcome1,TEST,SB1663,S
AU,TESTSB1664,welcome1,TEST,SB1664,S
AU,TESTSB1665,welcome1,TEST,SB1665,S
AU,TESTSB1666,welcome1,TEST,SB1666,S
AU,TESTSB1667,welcome1,TEST,SB1667,S
AU,TESTSB1668,welcome1,TEST,SB1668,S
AU,TESTSB1669,welcome1,TEST,SB1669,S
AU,TESTSB1670,welcome1,TEST,SB1670,S
AU,TESTSB1671,welcome1,TEST,SB1671,S
AU,TESTSB1672,welcome1,TEST,SB1672,S
AU,TESTSB1673,welcome1,TEST,SB1673,S
AU,TESTSB1674,welcome1,TEST,SB1674,S
AU,TESTSB1675,welcome1,TEST,SB1675,S
AU,TESTSB1676,welcome1,TEST,SB1676,S
AU,TESTSB1677,welcome1,TEST,SB1677,S
AU,TESTSB1678,welcome1,TEST,SB1678,S
AU,TESTSB1679,welcome1,TEST,SB1679,S
AU,TESTSB1680,welcome1,TEST,SB1680,S
AU,TESTSB1681,welcome1,TEST,SB1681,S
AU,TESTSB1682,welcome1,TEST,SB1682,S
AU,TESTSB1683,welcome1,TEST,SB1683,S
AU,TESTSB1684,welcome1,TEST,SB1684,S
AU,TESTSB1685,welcome1,TEST,SB1685,S
AU,TESTSB1686,welcome1,TEST,SB1686,S
AU,TESTSB1687,welcome1,TEST,SB1687,S
AU,TESTSB1688,welcome1,TEST,SB1688,S
AU,TESTSB1689,welcome1,TEST,SB1689,S
AU,TESTSB1690,welcome1,TEST,SB1690,S
AU,TESTSB1691,welcome1,TEST,SB1691,S
AU,TESTSB1692,welcome1,TEST,SB1692,S
AU,TESTSB1693,welcome1,TEST,SB1693,S
AU,TESTSB1694,welcome1,TEST,SB1694,S
AU,TESTSB1695,welcome1,TEST,SB1695,S
AU,TESTSB1696,welcome1,TEST,SB1696,S
AU,TESTSB1697,welcome1,TEST,SB1697,S
AU,TESTSB1698,welcome1,TEST,SB1698,S
AU,TESTSB1699,welcome1,TEST,SB1699,S
AU,TESTSB1700,welcome1,TEST,SB1700,S
AU,TESTSB1701,welcome1,TEST,SB1701,S
AU,TESTSB1702,welcome1,TEST,SB1702,S
AU,TESTSB1703,welcome1,TEST,SB1703,S
AU,TESTSB1704,welcome1,TEST,SB1704,S
AU,TESTSB1705,welcome1,TEST,SB1705,S
AU,TESTSB1706,welcome1,TEST,SB1706,S
AU,TESTSB1707,welcome1,TEST,SB1707,S
AU,TESTSB1708,welcome1,TEST,SB1708,S
AU,TESTSB1709,welcome1,TEST,SB1709,S
AU,TESTSB1710,welcome1,TEST,SB1710,S
AU,TESTSB1711,welcome1,TEST,SB1711,S
AU,TESTSB1712,welcome1,TEST,SB1712,S
AU,TESTSB1713,welcome1,TEST,SB1713,S
AU,TESTSB1714,welcome1,TEST,SB1714,S
AU,TESTSB1715,welcome1,TEST,SB1715,S
AU,TESTSB1716,welcome1,TEST,SB1716,S
AU,TESTSB1717,welcome1,TEST,SB1717,S
AU,TESTSB1718,welcome1,TEST,SB1718,S
AU,TESTSB1719,welcome1,TEST,SB1719,S
AU,TESTSB1720,welcome1,TEST,SB1720,S
AU,TESTSB1721,welcome1,TEST,SB1721,S
AU,TESTSB1722,welcome1,TEST,SB1722,S
AU,TESTSB1723,welcome1,TEST,SB1723,S
AU,TESTSB1724,welcome1,TEST,SB1724,S
AU,TESTSB1725,welcome1,TEST,SB1725,S
AU,TESTSB1726,welcome1,TEST,SB1726,S
AU,TESTSB1727,welcome1,TEST,SB1727,S
AU,TESTSB1728,welcome1,TEST,SB1728,S
AU,TESTSB1729,welcome1,TEST,SB1729,S
AU,TESTSB1730,welcome1,TEST,SB1730,S
AU,TESTSB1731,welcome1,TEST,SB1731,S
AU,TESTSB1732,welcome1,TEST,SB1732,S
AU,TESTSB1733,welcome1,TEST,SB1733,S
AU,TESTSB1734,welcome1,TEST,SB1734,S
AU,TESTSB1735,welcome1,TEST,SB1735,S
AU,TESTSB1736,welcome1,TEST,SB1736,S
AU,TESTSB1737,welcome1,TEST,SB1737,S
AU,TESTSB1738,welcome1,TEST,SB1738,S
AU,TESTSB1739,welcome1,TEST,SB1739,S
AU,TESTSB1740,welcome1,TEST,SB1740,S
AU,TESTSB1741,welcome1,TEST,SB1741,S
AU,TESTSB1742,welcome1,TEST,SB1742,S
AU,TESTSB1743,welcome1,TEST,SB1743,S
AU,TESTSB1744,welcome1,TEST,SB1744,S
AU,TESTSB1745,welcome1,TEST,SB1745,S
AU,TESTSB1746,welcome1,TEST,SB1746,S
AU,TESTSB1747,welcome1,TEST,SB1747,S
AU,TESTSB1748,welcome1,TEST,SB1748,S
AU,TESTSB1749,welcome1,TEST,SB1749,S
AU,TESTSB1750,welcome1,TEST,SB1750,S
AU,TESTSB1751,welcome1,TEST,SB1751,S
AU,TESTSB1752,welcome1,TEST,SB1752,S
AU,TESTSB1753,welcome1,TEST,SB1753,S
AU,TESTSB1754,welcome1,TEST,SB1754,S
AU,TESTSB1755,welcome1,TEST,SB1755,S
AU,TESTSB1756,welcome1,TEST,SB1756,S
AU,TESTSB1757,welcome1,TEST,SB1757,S
AU,TESTSB1758,welcome1,TEST,SB1758,S
AU,TESTSB1759,welcome1,TEST,SB1759,S
AU,TESTSB1760,welcome1,TEST,SB1760,S
AU,TESTSB1761,welcome1,TEST,SB1761,S
AU,TESTSB1762,welcome1,TEST,SB1762,S
AU,TESTSB1763,welcome1,TEST,SB1763,S
AU,TESTSB1764,welcome1,TEST,SB1764,S
AU,TESTSB1765,welcome1,TEST,SB1765,S
AU,TESTSB1766,welcome1,TEST,SB1766,S
AU,TESTSB1767,welcome1,TEST,SB1767,S
AU,TESTSB1768,welcome1,TEST,SB1768,S
AU,TESTSB1769,welcome1,TEST,SB1769,S
AU,TESTSB1770,welcome1,TEST,SB1770,S
AU,TESTSB1771,welcome1,TEST,SB1771,S
AU,TESTSB1772,welcome1,TEST,SB1772,S
AU,TESTSB1773,welcome1,TEST,SB1773,S
AU,TESTSB1774,welcome1,TEST,SB1774,S
AU,TESTSB1775,welcome1,TEST,SB1775,S
AU,TESTSB1776,welcome1,TEST,SB1776,S
AU,TESTSB1777,welcome1,TEST,SB1777,S
AU,TESTSB1778,welcome1,TEST,SB1778,S
AU,TESTSB1779,welcome1,TEST,SB1779,S
AU,TESTSB1780,welcome1,TEST,SB1780,S
AU,TESTSB1781,welcome1,TEST,SB1781,S
AU,TESTSB1782,welcome1,TEST,SB1782,S
AU,TESTSB1783,welcome1,TEST,SB1783,S
AU,TESTSB1784,welcome1,TEST,SB1784,S
AU,TESTSB1785,welcome1,TEST,SB1785,S
AU,TESTSB1786,welcome1,TEST,SB1786,S
AU,TESTSB1787,welcome1,TEST,SB1787,S
AU,TESTSB1788,welcome1,TEST,SB1788,S
AU,TESTSB1789,welcome1,TEST,SB1789,S
AU,TESTSB1790,welcome1,TEST,SB1790,S
AU,TESTSB1791,welcome1,TEST,SB1791,S
AU,TESTSB1792,welcome1,TEST,SB1792,S
AU,TESTSB1793,welcome1,TEST,SB1793,S
AU,TESTSB1794,welcome1,TEST,SB1794,S
AU,TESTSB1795,welcome1,TEST,SB1795,S
AU,TESTSB1796,welcome1,TEST,SB1796,S
AU,TESTSB1797,welcome1,TEST,SB1797,S
AU,TESTSB1798,welcome1,TEST,SB1798,S
AU,TESTSB1799,welcome1,TEST,SB1799,S
