UserID12653,pswd
TESTSB2300,welcome2
TESTSB2301,welcome2
TESTSB2302,welcome2
TESTSB2303,welcome2
TESTSB2304,welcome2
TESTSB2305,welcome2
TESTSB2306,welcome2
TESTSB2307,welcome2
TESTSB2308,welcome2
TESTSB2309,welcome2
TESTSB2310,welcome2
TESTSB2311,welcome2
TESTSB2312,welcome2
TESTSB2313,welcome2
TESTSB2314,welcome2
TESTSB2315,welcome2
TESTSB2316,welcome2
TESTSB2317,welcome2
TESTSB2318,welcome2
TESTSB2319,welcome2
TESTSB2320,welcome2
TESTSB2321,welcome2
TESTSB2322,welcome2
TESTSB2323,welcome2
TESTSB2324,welcome2
TESTSB2325,welcome2
TESTSB2326,welcome2
TESTSB2327,welcome2
TESTSB2328,welcome2
TESTSB2329,welcome2
TESTSB2330,welcome2
TESTSB2331,welcome2
TESTSB2332,welcome2
TESTSB2333,welcome2
TESTSB2334,welcome2
TESTSB2335,welcome2
TESTSB2336,welcome2
TESTSB2337,welcome2
TESTSB2338,welcome2
TESTSB2339,welcome2
TESTSB2340,welcome2
TESTSB2341,welcome2
TESTSB2342,welcome2
TESTSB2343,welcome2
TESTSB2344,welcome2
TESTSB2345,welcome2
TESTSB2346,welcome2
TESTSB2347,welcome2
TESTSB2348,welcome2
TESTSB2349,welcome2
TESTSB2350,welcome2
TESTSB2351,welcome2
TESTSB2352,welcome2
TESTSB2353,welcome2
TESTSB2354,welcome2
TESTSB2355,welcome2
TESTSB2356,welcome2
TESTSB2357,welcome2
TESTSB2358,welcome2
TESTSB2359,welcome2
TESTSB2360,welcome2
TESTSB2361,welcome2
TESTSB2362,welcome2
TESTSB2363,welcome2
TESTSB2364,welcome2
TESTSB2365,welcome2
TESTSB2366,welcome2
TESTSB2367,welcome2
TESTSB2368,welcome2
TESTSB2369,welcome2
TESTSB2370,welcome2
TESTSB2371,welcome2
TESTSB2372,welcome2
TESTSB2373,welcome2
TESTSB2374,welcome2
TESTSB2375,welcome2
TESTSB2376,welcome2
TESTSB2377,welcome2
TESTSB2378,welcome2
TESTSB2379,welcome2
TESTSB2380,welcome2
TESTSB2381,welcome2
TESTSB2382,welcome2
TESTSB2383,welcome2
TESTSB2384,welcome2
TESTSB2385,welcome2
TESTSB2386,welcome2
TESTSB2387,welcome2
TESTSB2388,welcome2
TESTSB2389,welcome2
TESTSB2390,welcome2
TESTSB2391,welcome2
TESTSB2392,welcome2
TESTSB2393,welcome2
TESTSB2394,welcome2
TESTSB2395,welcome2
TESTSB2396,welcome2
TESTSB2397,welcome2
TESTSB2398,welcome2
TESTSB2399,welcome2
TESTSB2400,welcome2
TESTSB2401,welcome2
TESTSB2402,welcome2
TESTSB2403,welcome2
TESTSB2404,welcome2
TESTSB2405,welcome2
TESTSB2406,welcome2
TESTSB2407,welcome2
TESTSB2408,welcome2
TESTSB2409,welcome2
TESTSB2410,welcome2
TESTSB2411,welcome2
TESTSB2412,welcome2
TESTSB2413,welcome2
TESTSB2414,welcome2
TESTSB2415,welcome2
TESTSB2416,welcome2
TESTSB2417,welcome2
TESTSB2418,welcome2
TESTSB2419,welcome2
TESTSB2420,welcome2
TESTSB2421,welcome2
TESTSB2422,welcome2
TESTSB2423,welcome2
TESTSB2424,welcome2
TESTSB2425,welcome2
TESTSB2426,welcome2
TESTSB2427,welcome2
TESTSB2428,welcome2
TESTSB2429,welcome2
TESTSB2430,welcome2
TESTSB2431,welcome2
TESTSB2432,welcome2
TESTSB2433,welcome2
TESTSB2434,welcome2
TESTSB2435,welcome2
TESTSB2436,welcome2
TESTSB2437,welcome2
TESTSB2438,welcome2
TESTSB2439,welcome2
TESTSB2440,welcome2
TESTSB2441,welcome2
TESTSB2442,welcome2
TESTSB2443,welcome2
TESTSB2444,welcome2
TESTSB2445,welcome2
TESTSB2446,welcome2
TESTSB2447,welcome2
TESTSB2448,welcome2
TESTSB2449,welcome2
TESTSB2450,welcome2
TESTSB2451,welcome2
TESTSB2452,welcome2
TESTSB2453,welcome2
TESTSB2454,welcome2
TESTSB2455,welcome2
TESTSB2456,welcome2
TESTSB2457,welcome2
TESTSB2458,welcome2
TESTSB2459,welcome2
TESTSB2460,welcome2
TESTSB2461,welcome2
TESTSB2462,welcome2
TESTSB2463,welcome2
TESTSB2464,welcome2
TESTSB2465,welcome2
TESTSB2466,welcome2
TESTSB2467,welcome2
TESTSB2468,welcome2
TESTSB2469,welcome2
TESTSB2470,welcome2
TESTSB2471,welcome2
TESTSB2472,welcome2
TESTSB2473,welcome2
TESTSB2474,welcome2
TESTSB2475,welcome2
TESTSB2476,welcome2
TESTSB2477,welcome2
TESTSB2478,welcome2
TESTSB2479,welcome2
TESTSB2480,welcome2
TESTSB2481,welcome2
TESTSB2482,welcome2
TESTSB2483,welcome2
TESTSB2484,welcome2
TESTSB2485,welcome2
TESTSB2486,welcome2
TESTSB2487,welcome2
TESTSB2488,welcome2
TESTSB2489,welcome2
TESTSB2490,welcome2
TESTSB2491,welcome2
TESTSB2492,welcome2
TESTSB2493,welcome2
TESTSB2494,welcome2
TESTSB2495,welcome2
TESTSB2496,welcome2
TESTSB2497,welcome2
TESTSB2498,welcome2
TESTSB2499,welcome2
TESTSB2500,welcome2
TESTSB2501,welcome2
TESTSB2502,welcome2
TESTSB2503,welcome2
TESTSB2504,welcome2
TESTSB2505,welcome2
TESTSB2506,welcome2
TESTSB2507,welcome2
TESTSB2508,welcome2
TESTSB2509,welcome2
TESTSB2510,welcome2
TESTSB2511,welcome2
TESTSB2512,welcome2
TESTSB2513,welcome2
TESTSB2514,welcome2
TESTSB2515,welcome2
TESTSB2516,welcome2
TESTSB2517,welcome2
TESTSB2518,welcome2
TESTSB2519,welcome2
TESTSB2520,welcome2
TESTSB2521,welcome2
TESTSB2522,welcome2
TESTSB2523,welcome2
TESTSB2524,welcome2
TESTSB2525,welcome2
TESTSB2526,welcome2
TESTSB2527,welcome2
TESTSB2528,welcome2
TESTSB2529,welcome2
TESTSB2530,welcome2
TESTSB2531,welcome2
TESTSB2532,welcome2
TESTSB2533,welcome2
TESTSB2534,welcome2
TESTSB2535,welcome2
TESTSB2536,welcome2
TESTSB2537,welcome2
TESTSB2538,welcome2
TESTSB2539,welcome2
TESTSB2540,welcome2
TESTSB2541,welcome2
TESTSB2542,welcome2
TESTSB2543,welcome2
TESTSB2544,welcome2
TESTSB2545,welcome2
TESTSB2546,welcome2
TESTSB2547,welcome2
TESTSB2548,welcome2
TESTSB2549,welcome2
TESTSB2550,welcome2
TESTSB2551,welcome2
TESTSB2552,welcome2
TESTSB2553,welcome2
TESTSB2554,welcome2
TESTSB2555,welcome2
TESTSB2556,welcome2
TESTSB2557,welcome2
TESTSB2558,welcome2
TESTSB2559,welcome2
TESTSB2560,welcome2
TESTSB2561,welcome2
TESTSB2562,welcome2
TESTSB2563,welcome2
TESTSB2564,welcome2
TESTSB2565,welcome2
TESTSB2566,welcome2
TESTSB2567,welcome2
TESTSB2568,welcome2
TESTSB2569,welcome2
TESTSB2570,welcome2
TESTSB2571,welcome2
TESTSB2572,welcome2
TESTSB2573,welcome2
TESTSB2574,welcome2
TESTSB2575,welcome2
TESTSB2576,welcome2
TESTSB2577,welcome2
TESTSB2578,welcome2
TESTSB2579,welcome2
TESTSB2580,welcome2
TESTSB2581,welcome2
TESTSB2582,welcome2
TESTSB2583,welcome2
TESTSB2584,welcome2
TESTSB2585,welcome2
TESTSB2586,welcome2
TESTSB2587,welcome2
TESTSB2588,welcome2
TESTSB2589,welcome2
TESTSB2590,welcome2
TESTSB2591,welcome2
TESTSB2592,welcome2
TESTSB2593,welcome2
TESTSB2594,welcome2
TESTSB2595,welcome2
TESTSB2596,welcome2
TESTSB2597,welcome2
TESTSB2598,welcome2
TESTSB2599,welcome2
TESTSB2600,welcome2
TESTSB2601,welcome2
TESTSB2602,welcome2
TESTSB2603,welcome2
TESTSB2604,welcome2
TESTSB2605,welcome2
TESTSB2606,welcome2
TESTSB2607,welcome2
TESTSB2608,welcome2
TESTSB2609,welcome2
TESTSB2610,welcome2
TESTSB2611,welcome2
TESTSB2612,welcome2
TESTSB2613,welcome2
TESTSB2614,welcome2
TESTSB2615,welcome2
TESTSB2616,welcome2
TESTSB2617,welcome2
TESTSB2618,welcome2
TESTSB2619,welcome2
TESTSB2620,welcome2
TESTSB2621,welcome2
TESTSB2622,welcome2
TESTSB2623,welcome2
TESTSB2624,welcome2
TESTSB2625,welcome2
TESTSB2626,welcome2
TESTSB2627,welcome2
TESTSB2628,welcome2
TESTSB2629,welcome2
TESTSB2630,welcome2
TESTSB2631,welcome2
TESTSB2632,welcome2
TESTSB2633,welcome2
TESTSB2634,welcome2
TESTSB2635,welcome2
TESTSB2636,welcome2
TESTSB2637,welcome2
TESTSB2638,welcome2
TESTSB2639,welcome2
TESTSB2640,welcome2
TESTSB2641,welcome2
TESTSB2642,welcome2
TESTSB2643,welcome2
TESTSB2644,welcome2
TESTSB2645,welcome2
TESTSB2646,welcome2
TESTSB2647,welcome2
TESTSB2648,welcome2
TESTSB2649,welcome2
TESTSB2650,welcome2
TESTSB2651,welcome2
TESTSB2652,welcome2
TESTSB2653,welcome2
TESTSB2654,welcome2
TESTSB2655,welcome2
TESTSB2656,welcome2
TESTSB2657,welcome2
TESTSB2658,welcome2
TESTSB2659,welcome2
TESTSB2660,welcome2
TESTSB2661,welcome2
TESTSB2662,welcome2
TESTSB2663,welcome2
TESTSB2664,welcome2
TESTSB2665,welcome2
TESTSB2666,welcome2
TESTSB2667,welcome2
TESTSB2668,welcome2
TESTSB2669,welcome2
TESTSB2670,welcome2
TESTSB2671,welcome2
TESTSB2672,welcome2
TESTSB2673,welcome2
TESTSB2674,welcome2
TESTSB2675,welcome2
TESTSB2676,welcome2
TESTSB2677,welcome2
TESTSB2678,welcome2
TESTSB2679,welcome2
TESTSB2680,welcome2
TESTSB2681,welcome2
TESTSB2682,welcome2
TESTSB2683,welcome2
TESTSB2684,welcome2
TESTSB2685,welcome2
TESTSB2686,welcome2
TESTSB2687,welcome2
TESTSB2688,welcome2
TESTSB2689,welcome2
TESTSB2690,welcome2
TESTSB2691,welcome2
TESTSB2692,welcome2
TESTSB2693,welcome2
TESTSB2694,welcome2
TESTSB2695,welcome2
TESTSB2696,welcome2
TESTSB2697,welcome2
TESTSB2698,welcome2
TESTSB2699,welcome2
TESTSB2700,welcome2
TESTSB2701,welcome2
TESTSB2702,welcome2
TESTSB2703,welcome2
TESTSB2704,welcome2
TESTSB2705,welcome2
TESTSB2706,welcome2
TESTSB2707,welcome2
TESTSB2708,welcome2
TESTSB2709,welcome2
TESTSB2710,welcome2
TESTSB2711,welcome2
TESTSB2712,welcome2
TESTSB2713,welcome2
TESTSB2714,welcome2
TESTSB2715,welcome2
TESTSB2716,welcome2
TESTSB2717,welcome2
TESTSB2718,welcome2
TESTSB2719,welcome2
TESTSB2720,welcome2
TESTSB2721,welcome2
TESTSB2722,welcome2
TESTSB2723,welcome2
TESTSB2724,welcome2
TESTSB2725,welcome2
TESTSB2726,welcome2
TESTSB2727,welcome2
TESTSB2728,welcome2
TESTSB2729,welcome2
TESTSB2730,welcome2
TESTSB2731,welcome2
TESTSB2732,welcome2
TESTSB2733,welcome2
TESTSB2734,welcome2
TESTSB2735,welcome2
TESTSB2736,welcome2
TESTSB2737,welcome2
TESTSB2738,welcome2
TESTSB2739,welcome2
TESTSB2740,welcome2
TESTSB2741,welcome2
TESTSB2742,welcome2
TESTSB2743,welcome2
TESTSB2744,welcome2
TESTSB2745,welcome2
TESTSB2746,welcome2
TESTSB2747,welcome2
TESTSB2748,welcome2
TESTSB2749,welcome2
TESTSB2750,welcome2
TESTSB2751,welcome2
TESTSB2752,welcome2
TESTSB2753,welcome2
TESTSB2754,welcome2
TESTSB2755,welcome2
TESTSB2756,welcome2
TESTSB2757,welcome2
TESTSB2758,welcome2
TESTSB2759,welcome2
TESTSB2760,welcome2
TESTSB2761,welcome2
TESTSB2762,welcome2
TESTSB2763,welcome2
TESTSB2764,welcome2
TESTSB2765,welcome2
TESTSB2766,welcome2
TESTSB2767,welcome2
TESTSB2768,welcome2
TESTSB2769,welcome2
TESTSB2770,welcome2
TESTSB2771,welcome2
TESTSB2772,welcome2
TESTSB2773,welcome2
TESTSB2774,welcome2
TESTSB2775,welcome2
TESTSB2776,welcome2
TESTSB2777,welcome2
TESTSB2778,welcome2
TESTSB2779,welcome2
TESTSB2780,welcome2
TESTSB2781,welcome2
TESTSB2782,welcome2
TESTSB2783,welcome2
TESTSB2784,welcome2
TESTSB2785,welcome2
TESTSB2786,welcome2
TESTSB2787,welcome2
TESTSB2788,welcome2
TESTSB2789,welcome2
TESTSB2790,welcome2
TESTSB2791,welcome2
TESTSB2792,welcome2
TESTSB2793,welcome2
TESTSB2794,welcome2
TESTSB2795,welcome2
TESTSB2796,welcome2
TESTSB2797,welcome2
TESTSB2798,welcome2
TESTSB2799,welcome2
TESTSB2800,welcome2
TESTSB2801,welcome2
TESTSB2802,welcome2
TESTSB2803,welcome2
TESTSB2804,welcome2
TESTSB2805,welcome2
TESTSB2806,welcome2
TESTSB2807,welcome2
TESTSB2808,welcome2
TESTSB2809,welcome2
TESTSB2810,welcome2
TESTSB2811,welcome2
TESTSB2812,welcome2
TESTSB2813,welcome2
TESTSB2814,welcome2
TESTSB2815,welcome2
TESTSB2816,welcome2
TESTSB2817,welcome2
TESTSB2818,welcome2
TESTSB2819,welcome2
TESTSB2820,welcome2
TESTSB2821,welcome2
TESTSB2822,welcome2
TESTSB2823,welcome2
TESTSB2824,welcome2
TESTSB2825,welcome2
TESTSB2826,welcome2
TESTSB2827,welcome2
TESTSB2828,welcome2
TESTSB2829,welcome2
TESTSB2830,welcome2
TESTSB2831,welcome2
TESTSB2832,welcome2
TESTSB2833,welcome2
TESTSB2834,welcome2
TESTSB2835,welcome2
TESTSB2836,welcome2
TESTSB2837,welcome2
TESTSB2838,welcome2
TESTSB2839,welcome2
TESTSB2840,welcome2
TESTSB2841,welcome2
TESTSB2842,welcome2
TESTSB2843,welcome2
TESTSB2844,welcome2
TESTSB2845,welcome2
TESTSB2846,welcome2
TESTSB2847,welcome2
TESTSB2848,welcome2
TESTSB2849,welcome2
TESTSB2850,welcome2
TESTSB2851,welcome2
TESTSB2852,welcome2
TESTSB2853,welcome2
TESTSB2854,welcome2
TESTSB2855,welcome2
TESTSB2856,welcome2
TESTSB2857,welcome2
TESTSB2858,welcome2
TESTSB2859,welcome2
TESTSB2860,welcome2
TESTSB2861,welcome2
TESTSB2862,welcome2
TESTSB2863,welcome2
TESTSB2864,welcome2
TESTSB2865,welcome2
TESTSB2866,welcome2
TESTSB2867,welcome2
TESTSB2868,welcome2
TESTSB2869,welcome2
TESTSB2870,welcome2
TESTSB2871,welcome2
TESTSB2872,welcome2
TESTSB2873,welcome2
TESTSB2874,welcome2
TESTSB2875,welcome2
TESTSB2876,welcome2
TESTSB2877,welcome2
TESTSB2878,welcome2
TESTSB2879,welcome2
TESTSB2880,welcome2
TESTSB2881,welcome2
TESTSB2882,welcome2
TESTSB2883,welcome2
TESTSB2884,welcome2
TESTSB2885,welcome2
TESTSB2886,welcome2
TESTSB2887,welcome2
TESTSB2888,welcome2
TESTSB2889,welcome2
TESTSB2890,welcome2
TESTSB2891,welcome2
TESTSB2892,welcome2
TESTSB2893,welcome2
TESTSB2894,welcome2
TESTSB2895,welcome2
TESTSB2896,welcome2
TESTSB2897,welcome2
TESTSB2898,welcome2
TESTSB2899,welcome2
