UserID,Password,NEWPassword,FamilyName,GivenName,Number
TESTSB1,welcome1,welcome2,TEST,SB1,1
TESTSB2,welcome1,welcome2,TEST,SB2,2
TESTSB3,welcome1,welcome2,TEST,SB3,3
TESTSB4,welcome1,welcome2,TEST,SB4,4
TESTSB5,welcome1,welcome2,TEST,SB5,5
TESTSB6,welcome1,welcome2,TEST,SB6,6
TESTSB7,welcome1,welcome2,TEST,SB7,7
TESTSB8,welcome1,welcome2,TEST,SB8,8
TESTSB9,welcome1,welcome2,TEST,SB9,9
TESTSB10,welcome1,welcome2,TEST,SB10,10
TESTSB11,welcome1,welcome2,TEST,SB11,11
TESTSB12,welcome1,welcome2,TEST,SB12,12
TESTSB13,welcome1,welcome2,TEST,SB13,13
TESTSB14,welcome1,welcome2,TEST,SB14,14
TESTSB15,welcome1,welcome2,TEST,SB15,15
TESTSB16,welcome1,welcome2,TEST,SB16,16
TESTSB17,welcome1,welcome2,TEST,SB17,17
TESTSB18,welcome1,welcome2,TEST,SB18,18
TESTSB19,welcome1,welcome2,TEST,SB19,19
TESTSB20,welcome1,welcome2,TEST,SB20,20
TESTSB21,welcome1,welcome2,TEST,SB21,21
TESTSB22,welcome1,welcome2,TEST,SB22,22
TESTSB23,welcome1,welcome2,TEST,SB23,23
TESTSB24,welcome1,welcome2,TEST,SB24,24
TESTSB25,welcome1,welcome2,TEST,SB25,25
TESTSB26,welcome1,welcome2,TEST,SB26,26
TESTSB27,welcome1,welcome2,TEST,SB27,27
TESTSB28,welcome1,welcome2,TEST,SB28,28
TESTSB29,welcome1,welcome2,TEST,SB29,29
TESTSB30,welcome1,welcome2,TEST,SB30,30
TESTSB31,welcome1,welcome2,TEST,SB31,31
TESTSB32,welcome1,welcome2,TEST,SB32,32
TESTSB33,welcome1,welcome2,TEST,SB33,33
TESTSB34,welcome1,welcome2,TEST,SB34,34
TESTSB35,welcome1,welcome2,TEST,SB35,35
TESTSB36,welcome1,welcome2,TEST,SB36,36
TESTSB37,welcome1,welcome2,TEST,SB37,37
TESTSB38,welcome1,welcome2,TEST,SB38,38
TESTSB39,welcome1,welcome2,TEST,SB39,39
TESTSB40,welcome1,welcome2,TEST,SB40,40
TESTSB41,welcome1,welcome2,TEST,SB41,41
TESTSB42,welcome1,welcome2,TEST,SB42,42
TESTSB43,welcome1,welcome2,TEST,SB43,43
TESTSB44,welcome1,welcome2,TEST,SB44,44
TESTSB45,welcome1,welcome2,TEST,SB45,45
TESTSB46,welcome1,welcome2,TEST,SB46,46
TESTSB47,welcome1,welcome2,TEST,SB47,47
TESTSB48,welcome1,welcome2,TEST,SB48,48
TESTSB49,welcome1,welcome2,TEST,SB49,49
TESTSB50,welcome1,welcome2,TEST,SB50,50
TESTSB51,welcome1,welcome2,TEST,SB51,51
TESTSB52,welcome1,welcome2,TEST,SB52,52
TESTSB53,welcome1,welcome2,TEST,SB53,53
TESTSB54,welcome1,welcome2,TEST,SB54,54
TESTSB55,welcome1,welcome2,TEST,SB55,55
TESTSB56,welcome1,welcome2,TEST,SB56,56
TESTSB57,welcome1,welcome2,TEST,SB57,57
TESTSB58,welcome1,welcome2,TEST,SB58,58
TESTSB59,welcome1,welcome2,TEST,SB59,59
TESTSB60,welcome1,welcome2,TEST,SB60,60
TESTSB61,welcome1,welcome2,TEST,SB61,61
TESTSB62,welcome1,welcome2,TEST,SB62,62
TESTSB63,welcome1,welcome2,TEST,SB63,63
TESTSB64,welcome1,welcome2,TEST,SB64,64
TESTSB65,welcome1,welcome2,TEST,SB65,65
TESTSB66,welcome1,welcome2,TEST,SB66,66
TESTSB67,welcome1,welcome2,TEST,SB67,67
TESTSB68,welcome1,welcome2,TEST,SB68,68
TESTSB69,welcome1,welcome2,TEST,SB69,69
TESTSB70,welcome1,welcome2,TEST,SB70,70
TESTSB71,welcome1,welcome2,TEST,SB71,71
TESTSB72,welcome1,welcome2,TEST,SB72,72
TESTSB73,welcome1,welcome2,TEST,SB73,73
TESTSB74,welcome1,welcome2,TEST,SB74,74
TESTSB75,welcome1,welcome2,TEST,SB75,75
TESTSB76,welcome1,welcome2,TEST,SB76,76
TESTSB77,welcome1,welcome2,TEST,SB77,77
TESTSB78,welcome1,welcome2,TEST,SB78,78
TESTSB79,welcome1,welcome2,TEST,SB79,79
TESTSB80,welcome1,welcome2,TEST,SB80,80
TESTSB81,welcome1,welcome2,TEST,SB81,81
TESTSB82,welcome1,welcome2,TEST,SB82,82
TESTSB83,welcome1,welcome2,TEST,SB83,83
TESTSB84,welcome1,welcome2,TEST,SB84,84
TESTSB85,welcome1,welcome2,TEST,SB85,85
TESTSB86,welcome1,welcome2,TEST,SB86,86
TESTSB87,welcome1,welcome2,TEST,SB87,87
TESTSB88,welcome1,welcome2,TEST,SB88,88
TESTSB89,welcome1,welcome2,TEST,SB89,89
TESTSB90,welcome1,welcome2,TEST,SB90,90
TESTSB91,welcome1,welcome2,TEST,SB91,91
TESTSB92,welcome1,welcome2,TEST,SB92,92
TESTSB93,welcome1,welcome2,TEST,SB93,93
TESTSB94,welcome1,welcome2,TEST,SB94,94
TESTSB95,welcome1,welcome2,TEST,SB95,95
TESTSB96,welcome1,welcome2,TEST,SB96,96
TESTSB97,welcome1,welcome2,TEST,SB97,97
TESTSB98,welcome1,welcome2,TEST,SB98,98
TESTSB99,welcome1,welcome2,TEST,SB99,99
TESTSB100,welcome1,welcome2,TEST,SB100,100
TESTSB101,welcome1,welcome2,TEST,SB101,101
TESTSB102,welcome1,welcome2,TEST,SB102,102
TESTSB103,welcome1,welcome2,TEST,SB103,103
TESTSB104,welcome1,welcome2,TEST,SB104,104
TESTSB105,welcome1,welcome2,TEST,SB105,105
TESTSB106,welcome1,welcome2,TEST,SB106,106
TESTSB107,welcome1,welcome2,TEST,SB107,107
TESTSB108,welcome1,welcome2,TEST,SB108,108
TESTSB109,welcome1,welcome2,TEST,SB109,109
TESTSB110,welcome1,welcome2,TEST,SB110,110
TESTSB111,welcome1,welcome2,TEST,SB111,111
TESTSB112,welcome1,welcome2,TEST,SB112,112
TESTSB113,welcome1,welcome2,TEST,SB113,113
TESTSB114,welcome1,welcome2,TEST,SB114,114
TESTSB115,welcome1,welcome2,TEST,SB115,115
TESTSB116,welcome1,welcome2,TEST,SB116,116
TESTSB117,welcome1,welcome2,TEST,SB117,117
TESTSB1,welcome1,welcome2,TEST,SB1,118
TESTSB2,welcome1,welcome2,TEST,SB2,119
TESTSB3,welcome1,welcome2,TEST,SB3,120
TESTSB4,welcome1,welcome2,TEST,SB4,121
TESTSB5,welcome1,welcome2,TEST,SB5,122
TESTSB6,welcome1,welcome2,TEST,SB6,123
TESTSB7,welcome1,welcome2,TEST,SB7,124
TESTSB8,welcome1,welcome2,TEST,SB8,125
TESTSB9,welcome1,welcome2,TEST,SB9,126
TESTSB10,welcome1,welcome2,TEST,SB10,127
TESTSB11,welcome1,welcome2,TEST,SB11,128
TESTSB12,welcome1,welcome2,TEST,SB12,129
TESTSB13,welcome1,welcome2,TEST,SB13,130
TESTSB14,welcome1,welcome2,TEST,SB14,131
TESTSB15,welcome1,welcome2,TEST,SB15,132
TESTSB16,welcome1,welcome2,TEST,SB16,133
TESTSB17,welcome1,welcome2,TEST,SB17,134
TESTSB18,welcome1,welcome2,TEST,SB18,135
TESTSB19,welcome1,welcome2,TEST,SB19,136
TESTSB20,welcome1,welcome2,TEST,SB20,137
TESTSB21,welcome1,welcome2,TEST,SB21,138
TESTSB22,welcome1,welcome2,TEST,SB22,139
TESTSB23,welcome1,welcome2,TEST,SB23,140
TESTSB24,welcome1,welcome2,TEST,SB24,141
TESTSB25,welcome1,welcome2,TEST,SB25,142
TESTSB26,welcome1,welcome2,TEST,SB26,143
TESTSB27,welcome1,welcome2,TEST,SB27,144
TESTSB28,welcome1,welcome2,TEST,SB28,145
TESTSB29,welcome1,welcome2,TEST,SB29,146
TESTSB30,welcome1,welcome2,TEST,SB30,147
TESTSB31,welcome1,welcome2,TEST,SB31,148
TESTSB32,welcome1,welcome2,TEST,SB32,149
TESTSB33,welcome1,welcome2,TEST,SB33,150
TESTSB34,welcome1,welcome2,TEST,SB34,151
TESTSB35,welcome1,welcome2,TEST,SB35,152
TESTSB36,welcome1,welcome2,TEST,SB36,153
TESTSB37,welcome1,welcome2,TEST,SB37,154
TESTSB38,welcome1,welcome2,TEST,SB38,155
TESTSB39,welcome1,welcome2,TEST,SB39,156
TESTSB40,welcome1,welcome2,TEST,SB40,157
TESTSB41,welcome1,welcome2,TEST,SB41,158
TESTSB42,welcome1,welcome2,TEST,SB42,159
TESTSB43,welcome1,welcome2,TEST,SB43,160
TESTSB44,welcome1,welcome2,TEST,SB44,161
TESTSB45,welcome1,welcome2,TEST,SB45,162
TESTSB46,welcome1,welcome2,TEST,SB46,163
TESTSB47,welcome1,welcome2,TEST,SB47,164
TESTSB48,welcome1,welcome2,TEST,SB48,165
TESTSB49,welcome1,welcome2,TEST,SB49,166
TESTSB50,welcome1,welcome2,TEST,SB50,167
TESTSB51,welcome1,welcome2,TEST,SB51,168
TESTSB52,welcome1,welcome2,TEST,SB52,169
TESTSB53,welcome1,welcome2,TEST,SB53,170
TESTSB54,welcome1,welcome2,TEST,SB54,171
TESTSB55,welcome1,welcome2,TEST,SB55,172
TESTSB56,welcome1,welcome2,TEST,SB56,173
TESTSB57,welcome1,welcome2,TEST,SB57,174
TESTSB58,welcome1,welcome2,TEST,SB58,175
TESTSB59,welcome1,welcome2,TEST,SB59,176
TESTSB60,welcome1,welcome2,TEST,SB60,177
TESTSB61,welcome1,welcome2,TEST,SB61,178
TESTSB62,welcome1,welcome2,TEST,SB62,179
TESTSB63,welcome1,welcome2,TEST,SB63,180
TESTSB64,welcome1,welcome2,TEST,SB64,181
TESTSB65,welcome1,welcome2,TEST,SB65,182
TESTSB66,welcome1,welcome2,TEST,SB66,183
TESTSB67,welcome1,welcome2,TEST,SB67,184
TESTSB68,welcome1,welcome2,TEST,SB68,185
TESTSB69,welcome1,welcome2,TEST,SB69,186
TESTSB70,welcome1,welcome2,TEST,SB70,187
TESTSB71,welcome1,welcome2,TEST,SB71,188
TESTSB72,welcome1,welcome2,TEST,SB72,189
TESTSB73,welcome1,welcome2,TEST,SB73,190
TESTSB74,welcome1,welcome2,TEST,SB74,191
TESTSB75,welcome1,welcome2,TEST,SB75,192
TESTSB76,welcome1,welcome2,TEST,SB76,193
TESTSB77,welcome1,welcome2,TEST,SB77,194
TESTSB78,welcome1,welcome2,TEST,SB78,195
TESTSB79,welcome1,welcome2,TEST,SB79,196
TESTSB80,welcome1,welcome2,TEST,SB80,197
TESTSB81,welcome1,welcome2,TEST,SB81,198
TESTSB82,welcome1,welcome2,TEST,SB82,199
TESTSB83,welcome1,welcome2,TEST,SB83,200
TESTSB84,welcome1,welcome2,TEST,SB84,201
TESTSB85,welcome1,welcome2,TEST,SB85,202
TESTSB86,welcome1,welcome2,TEST,SB86,203
TESTSB87,welcome1,welcome2,TEST,SB87,204
TESTSB88,welcome1,welcome2,TEST,SB88,205
TESTSB89,welcome1,welcome2,TEST,SB89,206
TESTSB90,welcome1,welcome2,TEST,SB90,207
TESTSB91,welcome1,welcome2,TEST,SB91,208
TESTSB92,welcome1,welcome2,TEST,SB92,209
TESTSB93,welcome1,welcome2,TEST,SB93,210
TESTSB94,welcome1,welcome2,TEST,SB94,211
TESTSB95,welcome1,welcome2,TEST,SB95,212
TESTSB96,welcome1,welcome2,TEST,SB96,213
TESTSB97,welcome1,welcome2,TEST,SB97,214
TESTSB98,welcome1,welcome2,TEST,SB98,215
TESTSB99,welcome1,welcome2,TEST,SB99,216
TESTSB100,welcome1,welcome2,TEST,SB100,217
TESTSB101,welcome1,welcome2,TEST,SB101,218
TESTSB102,welcome1,welcome2,TEST,SB102,219
TESTSB103,welcome1,welcome2,TEST,SB103,220
TESTSB104,welcome1,welcome2,TEST,SB104,221
TESTSB105,welcome1,welcome2,TEST,SB105,222
TESTSB106,welcome1,welcome2,TEST,SB106,223
TESTSB107,welcome1,welcome2,TEST,SB107,224
TESTSB108,welcome1,welcome2,TEST,SB108,225
TESTSB109,welcome1,welcome2,TEST,SB109,226
TESTSB110,welcome1,welcome2,TEST,SB110,227
TESTSB111,welcome1,welcome2,TEST,SB111,228
TESTSB112,welcome1,welcome2,TEST,SB112,229
TESTSB113,welcome1,welcome2,TEST,SB113,230
TESTSB114,welcome1,welcome2,TEST,SB114,231
TESTSB115,welcome1,welcome2,TEST,SB115,232
TESTSB116,welcome1,welcome2,TEST,SB116,233
TESTSB117,welcome1,welcome2,TEST,SB117,234
TESTSB1,welcome1,welcome2,TEST,SB1,235
TESTSB2,welcome1,welcome2,TEST,SB2,236
TESTSB3,welcome1,welcome2,TEST,SB3,237
TESTSB4,welcome1,welcome2,TEST,SB4,238
TESTSB5,welcome1,welcome2,TEST,SB5,239
TESTSB6,welcome1,welcome2,TEST,SB6,240
TESTSB7,welcome1,welcome2,TEST,SB7,241
TESTSB8,welcome1,welcome2,TEST,SB8,242
TESTSB9,welcome1,welcome2,TEST,SB9,243
TESTSB10,welcome1,welcome2,TEST,SB10,244
TESTSB11,welcome1,welcome2,TEST,SB11,245
TESTSB12,welcome1,welcome2,TEST,SB12,246
TESTSB13,welcome1,welcome2,TEST,SB13,247
TESTSB14,welcome1,welcome2,TEST,SB14,248
TESTSB15,welcome1,welcome2,TEST,SB15,249
TESTSB16,welcome1,welcome2,TEST,SB16,250
TESTSB17,welcome1,welcome2,TEST,SB17,251
TESTSB18,welcome1,welcome2,TEST,SB18,252
TESTSB19,welcome1,welcome2,TEST,SB19,253
TESTSB20,welcome1,welcome2,TEST,SB20,254
TESTSB21,welcome1,welcome2,TEST,SB21,255
TESTSB22,welcome1,welcome2,TEST,SB22,256
TESTSB23,welcome1,welcome2,TEST,SB23,257
TESTSB24,welcome1,welcome2,TEST,SB24,258
TESTSB25,welcome1,welcome2,TEST,SB25,259
TESTSB26,welcome1,welcome2,TEST,SB26,260
TESTSB27,welcome1,welcome2,TEST,SB27,261
TESTSB28,welcome1,welcome2,TEST,SB28,262
TESTSB29,welcome1,welcome2,TEST,SB29,263
TESTSB30,welcome1,welcome2,TEST,SB30,264
TESTSB31,welcome1,welcome2,TEST,SB31,265
TESTSB32,welcome1,welcome2,TEST,SB32,266
TESTSB33,welcome1,welcome2,TEST,SB33,267
TESTSB34,welcome1,welcome2,TEST,SB34,268
TESTSB35,welcome1,welcome2,TEST,SB35,269
TESTSB36,welcome1,welcome2,TEST,SB36,270
TESTSB37,welcome1,welcome2,TEST,SB37,271
TESTSB38,welcome1,welcome2,TEST,SB38,272
TESTSB39,welcome1,welcome2,TEST,SB39,273
TESTSB40,welcome1,welcome2,TEST,SB40,274
TESTSB41,welcome1,welcome2,TEST,SB41,275
TESTSB42,welcome1,welcome2,TEST,SB42,276
TESTSB43,welcome1,welcome2,TEST,SB43,277
TESTSB44,welcome1,welcome2,TEST,SB44,278
TESTSB45,welcome1,welcome2,TEST,SB45,279
TESTSB46,welcome1,welcome2,TEST,SB46,280
TESTSB47,welcome1,welcome2,TEST,SB47,281
TESTSB48,welcome1,welcome2,TEST,SB48,282
TESTSB49,welcome1,welcome2,TEST,SB49,283
TESTSB50,welcome1,welcome2,TEST,SB50,284
TESTSB51,welcome1,welcome2,TEST,SB51,285
TESTSB52,welcome1,welcome2,TEST,SB52,286
TESTSB53,welcome1,welcome2,TEST,SB53,287
TESTSB54,welcome1,welcome2,TEST,SB54,288
TESTSB55,welcome1,welcome2,TEST,SB55,289
TESTSB56,welcome1,welcome2,TEST,SB56,290
TESTSB57,welcome1,welcome2,TEST,SB57,291
TESTSB58,welcome1,welcome2,TEST,SB58,292
TESTSB59,welcome1,welcome2,TEST,SB59,293
TESTSB60,welcome1,welcome2,TEST,SB60,294
TESTSB61,welcome1,welcome2,TEST,SB61,295
TESTSB62,welcome1,welcome2,TEST,SB62,296
TESTSB63,welcome1,welcome2,TEST,SB63,297
TESTSB64,welcome1,welcome2,TEST,SB64,298
TESTSB65,welcome1,welcome2,TEST,SB65,299
TESTSB66,welcome1,welcome2,TEST,SB66,300
TESTSB67,welcome1,welcome2,TEST,SB67,301
TESTSB68,welcome1,welcome2,TEST,SB68,302
TESTSB69,welcome1,welcome2,TEST,SB69,303
TESTSB70,welcome1,welcome2,TEST,SB70,304
TESTSB71,welcome1,welcome2,TEST,SB71,305
TESTSB72,welcome1,welcome2,TEST,SB72,306
TESTSB73,welcome1,welcome2,TEST,SB73,307
TESTSB74,welcome1,welcome2,TEST,SB74,308
TESTSB75,welcome1,welcome2,TEST,SB75,309
TESTSB76,welcome1,welcome2,TEST,SB76,310
TESTSB77,welcome1,welcome2,TEST,SB77,311
TESTSB78,welcome1,welcome2,TEST,SB78,312
TESTSB79,welcome1,welcome2,TEST,SB79,313
TESTSB80,welcome1,welcome2,TEST,SB80,314
TESTSB81,welcome1,welcome2,TEST,SB81,315
TESTSB82,welcome1,welcome2,TEST,SB82,316
TESTSB83,welcome1,welcome2,TEST,SB83,317
TESTSB84,welcome1,welcome2,TEST,SB84,318
TESTSB85,welcome1,welcome2,TEST,SB85,319
TESTSB86,welcome1,welcome2,TEST,SB86,320
TESTSB87,welcome1,welcome2,TEST,SB87,321
TESTSB88,welcome1,welcome2,TEST,SB88,322
TESTSB89,welcome1,welcome2,TEST,SB89,323
TESTSB90,welcome1,welcome2,TEST,SB90,324
TESTSB91,welcome1,welcome2,TEST,SB91,325
TESTSB92,welcome1,welcome2,TEST,SB92,326
TESTSB93,welcome1,welcome2,TEST,SB93,327
TESTSB94,welcome1,welcome2,TEST,SB94,328
TESTSB95,welcome1,welcome2,TEST,SB95,329
TESTSB96,welcome1,welcome2,TEST,SB96,330
TESTSB97,welcome1,welcome2,TEST,SB97,331
TESTSB98,welcome1,welcome2,TEST,SB98,332
TESTSB99,welcome1,welcome2,TEST,SB99,333
TESTSB100,welcome1,welcome2,TEST,SB100,334
TESTSB101,welcome1,welcome2,TEST,SB101,335
TESTSB102,welcome1,welcome2,TEST,SB102,336
TESTSB103,welcome1,welcome2,TEST,SB103,337
TESTSB104,welcome1,welcome2,TEST,SB104,338
TESTSB105,welcome1,welcome2,TEST,SB105,339
TESTSB106,welcome1,welcome2,TEST,SB106,340
TESTSB107,welcome1,welcome2,TEST,SB107,341
TESTSB108,welcome1,welcome2,TEST,SB108,342
TESTSB109,welcome1,welcome2,TEST,SB109,343
TESTSB110,welcome1,welcome2,TEST,SB110,344
TESTSB111,welcome1,welcome2,TEST,SB111,345
TESTSB112,welcome1,welcome2,TEST,SB112,346
TESTSB113,welcome1,welcome2,TEST,SB113,347
TESTSB114,welcome1,welcome2,TEST,SB114,348
TESTSB115,welcome1,welcome2,TEST,SB115,349
TESTSB116,welcome1,welcome2,TEST,SB116,350
TESTSB117,welcome1,welcome2,TEST,SB117,351
TESTSB1,welcome1,welcome2,TEST,SB1,352
TESTSB2,welcome1,welcome2,TEST,SB2,353
TESTSB3,welcome1,welcome2,TEST,SB3,354
TESTSB4,welcome1,welcome2,TEST,SB4,355
TESTSB5,welcome1,welcome2,TEST,SB5,356
TESTSB6,welcome1,welcome2,TEST,SB6,357
TESTSB7,welcome1,welcome2,TEST,SB7,358
TESTSB8,welcome1,welcome2,TEST,SB8,359
TESTSB9,welcome1,welcome2,TEST,SB9,360
TESTSB10,welcome1,welcome2,TEST,SB10,361
TESTSB11,welcome1,welcome2,TEST,SB11,362
TESTSB12,welcome1,welcome2,TEST,SB12,363
TESTSB13,welcome1,welcome2,TEST,SB13,364
TESTSB14,welcome1,welcome2,TEST,SB14,365
TESTSB15,welcome1,welcome2,TEST,SB15,366
TESTSB16,welcome1,welcome2,TEST,SB16,367
TESTSB17,welcome1,welcome2,TEST,SB17,368
TESTSB18,welcome1,welcome2,TEST,SB18,369
TESTSB19,welcome1,welcome2,TEST,SB19,370
TESTSB20,welcome1,welcome2,TEST,SB20,371
TESTSB21,welcome1,welcome2,TEST,SB21,372
TESTSB22,welcome1,welcome2,TEST,SB22,373
TESTSB23,welcome1,welcome2,TEST,SB23,374
TESTSB24,welcome1,welcome2,TEST,SB24,375
TESTSB25,welcome1,welcome2,TEST,SB25,376
TESTSB26,welcome1,welcome2,TEST,SB26,377
TESTSB27,welcome1,welcome2,TEST,SB27,378
TESTSB28,welcome1,welcome2,TEST,SB28,379
TESTSB29,welcome1,welcome2,TEST,SB29,380
TESTSB30,welcome1,welcome2,TEST,SB30,381
TESTSB31,welcome1,welcome2,TEST,SB31,382
TESTSB32,welcome1,welcome2,TEST,SB32,383
TESTSB33,welcome1,welcome2,TEST,SB33,384
TESTSB34,welcome1,welcome2,TEST,SB34,385
TESTSB35,welcome1,welcome2,TEST,SB35,386
TESTSB36,welcome1,welcome2,TEST,SB36,387
TESTSB37,welcome1,welcome2,TEST,SB37,388
TESTSB38,welcome1,welcome2,TEST,SB38,389
TESTSB39,welcome1,welcome2,TEST,SB39,390
TESTSB40,welcome1,welcome2,TEST,SB40,391
TESTSB41,welcome1,welcome2,TEST,SB41,392
TESTSB42,welcome1,welcome2,TEST,SB42,393
TESTSB43,welcome1,welcome2,TEST,SB43,394
TESTSB44,welcome1,welcome2,TEST,SB44,395
TESTSB45,welcome1,welcome2,TEST,SB45,396
TESTSB46,welcome1,welcome2,TEST,SB46,397
TESTSB47,welcome1,welcome2,TEST,SB47,398
TESTSB48,welcome1,welcome2,TEST,SB48,399
TESTSB49,welcome1,welcome2,TEST,SB49,400
TESTSB50,welcome1,welcome2,TEST,SB50,401
TESTSB51,welcome1,welcome2,TEST,SB51,402
TESTSB52,welcome1,welcome2,TEST,SB52,403
TESTSB53,welcome1,welcome2,TEST,SB53,404
TESTSB54,welcome1,welcome2,TEST,SB54,405
TESTSB55,welcome1,welcome2,TEST,SB55,406
TESTSB56,welcome1,welcome2,TEST,SB56,407
TESTSB57,welcome1,welcome2,TEST,SB57,408
TESTSB58,welcome1,welcome2,TEST,SB58,409
TESTSB59,welcome1,welcome2,TEST,SB59,410
TESTSB60,welcome1,welcome2,TEST,SB60,411
TESTSB61,welcome1,welcome2,TEST,SB61,412
TESTSB62,welcome1,welcome2,TEST,SB62,413
TESTSB63,welcome1,welcome2,TEST,SB63,414
TESTSB64,welcome1,welcome2,TEST,SB64,415
TESTSB65,welcome1,welcome2,TEST,SB65,416
TESTSB66,welcome1,welcome2,TEST,SB66,417
TESTSB67,welcome1,welcome2,TEST,SB67,418
TESTSB68,welcome1,welcome2,TEST,SB68,419
TESTSB69,welcome1,welcome2,TEST,SB69,420
TESTSB70,welcome1,welcome2,TEST,SB70,421
TESTSB71,welcome1,welcome2,TEST,SB71,422
TESTSB72,welcome1,welcome2,TEST,SB72,423
TESTSB73,welcome1,welcome2,TEST,SB73,424
TESTSB74,welcome1,welcome2,TEST,SB74,425
TESTSB75,welcome1,welcome2,TEST,SB75,426
TESTSB76,welcome1,welcome2,TEST,SB76,427
TESTSB77,welcome1,welcome2,TEST,SB77,428
TESTSB78,welcome1,welcome2,TEST,SB78,429
TESTSB79,welcome1,welcome2,TEST,SB79,430
TESTSB80,welcome1,welcome2,TEST,SB80,431
TESTSB81,welcome1,welcome2,TEST,SB81,432
TESTSB82,welcome1,welcome2,TEST,SB82,433
TESTSB83,welcome1,welcome2,TEST,SB83,434
TESTSB84,welcome1,welcome2,TEST,SB84,435
TESTSB85,welcome1,welcome2,TEST,SB85,436
TESTSB86,welcome1,welcome2,TEST,SB86,437
TESTSB87,welcome1,welcome2,TEST,SB87,438
TESTSB88,welcome1,welcome2,TEST,SB88,439
TESTSB89,welcome1,welcome2,TEST,SB89,440
TESTSB90,welcome1,welcome2,TEST,SB90,441
TESTSB91,welcome1,welcome2,TEST,SB91,442
TESTSB92,welcome1,welcome2,TEST,SB92,443
TESTSB93,welcome1,welcome2,TEST,SB93,444
TESTSB94,welcome1,welcome2,TEST,SB94,445
TESTSB95,welcome1,welcome2,TEST,SB95,446
TESTSB96,welcome1,welcome2,TEST,SB96,447
TESTSB97,welcome1,welcome2,TEST,SB97,448
TESTSB98,welcome1,welcome2,TEST,SB98,449
TESTSB99,welcome1,welcome2,TEST,SB99,450
TESTSB100,welcome1,welcome2,TEST,SB100,451
TESTSB101,welcome1,welcome2,TEST,SB101,452
TESTSB102,welcome1,welcome2,TEST,SB102,453
TESTSB103,welcome1,welcome2,TEST,SB103,454
TESTSB104,welcome1,welcome2,TEST,SB104,455
TESTSB105,welcome1,welcome2,TEST,SB105,456
TESTSB106,welcome1,welcome2,TEST,SB106,457
TESTSB107,welcome1,welcome2,TEST,SB107,458
TESTSB108,welcome1,welcome2,TEST,SB108,459
TESTSB109,welcome1,welcome2,TEST,SB109,460
TESTSB110,welcome1,welcome2,TEST,SB110,461
TESTSB111,welcome1,welcome2,TEST,SB111,462
TESTSB112,welcome1,welcome2,TEST,SB112,463
TESTSB113,welcome1,welcome2,TEST,SB113,464
TESTSB114,welcome1,welcome2,TEST,SB114,465
TESTSB115,welcome1,welcome2,TEST,SB115,466
TESTSB116,welcome1,welcome2,TEST,SB116,467
TESTSB117,welcome1,welcome2,TEST,SB117,468
TESTSB1,welcome1,welcome2,TEST,SB1,469
TESTSB2,welcome1,welcome2,TEST,SB2,470
TESTSB3,welcome1,welcome2,TEST,SB3,471
TESTSB4,welcome1,welcome2,TEST,SB4,472
TESTSB5,welcome1,welcome2,TEST,SB5,473
TESTSB6,welcome1,welcome2,TEST,SB6,474
TESTSB7,welcome1,welcome2,TEST,SB7,475
TESTSB8,welcome1,welcome2,TEST,SB8,476
TESTSB9,welcome1,welcome2,TEST,SB9,477
TESTSB10,welcome1,welcome2,TEST,SB10,478
TESTSB11,welcome1,welcome2,TEST,SB11,479
TESTSB12,welcome1,welcome2,TEST,SB12,480
TESTSB13,welcome1,welcome2,TEST,SB13,481
TESTSB14,welcome1,welcome2,TEST,SB14,482
TESTSB15,welcome1,welcome2,TEST,SB15,483
TESTSB16,welcome1,welcome2,TEST,SB16,484
TESTSB17,welcome1,welcome2,TEST,SB17,485
TESTSB18,welcome1,welcome2,TEST,SB18,486
TESTSB19,welcome1,welcome2,TEST,SB19,487
TESTSB20,welcome1,welcome2,TEST,SB20,488
TESTSB21,welcome1,welcome2,TEST,SB21,489
TESTSB22,welcome1,welcome2,TEST,SB22,490
TESTSB23,welcome1,welcome2,TEST,SB23,491
TESTSB24,welcome1,welcome2,TEST,SB24,492
TESTSB25,welcome1,welcome2,TEST,SB25,493
TESTSB26,welcome1,welcome2,TEST,SB26,494
TESTSB27,welcome1,welcome2,TEST,SB27,495
TESTSB28,welcome1,welcome2,TEST,SB28,496
TESTSB29,welcome1,welcome2,TEST,SB29,497
TESTSB30,welcome1,welcome2,TEST,SB30,498
TESTSB31,welcome1,welcome2,TEST,SB31,499
TESTSB32,welcome1,welcome2,TEST,SB32,500
TESTSB33,welcome1,welcome2,TEST,SB33,501
TESTSB34,welcome1,welcome2,TEST,SB34,502
TESTSB35,welcome1,welcome2,TEST,SB35,503
TESTSB36,welcome1,welcome2,TEST,SB36,504
TESTSB37,welcome1,welcome2,TEST,SB37,505
TESTSB38,welcome1,welcome2,TEST,SB38,506
TESTSB39,welcome1,welcome2,TEST,SB39,507
TESTSB40,welcome1,welcome2,TEST,SB40,508
TESTSB41,welcome1,welcome2,TEST,SB41,509
TESTSB42,welcome1,welcome2,TEST,SB42,510
TESTSB43,welcome1,welcome2,TEST,SB43,511
TESTSB44,welcome1,welcome2,TEST,SB44,512
TESTSB45,welcome1,welcome2,TEST,SB45,513
TESTSB46,welcome1,welcome2,TEST,SB46,514
TESTSB47,welcome1,welcome2,TEST,SB47,515
TESTSB48,welcome1,welcome2,TEST,SB48,516
TESTSB49,welcome1,welcome2,TEST,SB49,517
TESTSB50,welcome1,welcome2,TEST,SB50,518
TESTSB51,welcome1,welcome2,TEST,SB51,519
TESTSB52,welcome1,welcome2,TEST,SB52,520
TESTSB53,welcome1,welcome2,TEST,SB53,521
TESTSB54,welcome1,welcome2,TEST,SB54,522
TESTSB55,welcome1,welcome2,TEST,SB55,523
TESTSB56,welcome1,welcome2,TEST,SB56,524
TESTSB57,welcome1,welcome2,TEST,SB57,525
TESTSB58,welcome1,welcome2,TEST,SB58,526
TESTSB59,welcome1,welcome2,TEST,SB59,527
TESTSB60,welcome1,welcome2,TEST,SB60,528
TESTSB61,welcome1,welcome2,TEST,SB61,529
TESTSB62,welcome1,welcome2,TEST,SB62,530
TESTSB63,welcome1,welcome2,TEST,SB63,531
TESTSB64,welcome1,welcome2,TEST,SB64,532
TESTSB65,welcome1,welcome2,TEST,SB65,533
TESTSB66,welcome1,welcome2,TEST,SB66,534
TESTSB67,welcome1,welcome2,TEST,SB67,535
TESTSB68,welcome1,welcome2,TEST,SB68,536
TESTSB69,welcome1,welcome2,TEST,SB69,537
TESTSB70,welcome1,welcome2,TEST,SB70,538
TESTSB71,welcome1,welcome2,TEST,SB71,539
TESTSB72,welcome1,welcome2,TEST,SB72,540
TESTSB73,welcome1,welcome2,TEST,SB73,541
TESTSB74,welcome1,welcome2,TEST,SB74,542
TESTSB75,welcome1,welcome2,TEST,SB75,543
TESTSB76,welcome1,welcome2,TEST,SB76,544
TESTSB77,welcome1,welcome2,TEST,SB77,545
TESTSB78,welcome1,welcome2,TEST,SB78,546
TESTSB79,welcome1,welcome2,TEST,SB79,547
TESTSB80,welcome1,welcome2,TEST,SB80,548
TESTSB81,welcome1,welcome2,TEST,SB81,549
TESTSB82,welcome1,welcome2,TEST,SB82,550
TESTSB83,welcome1,welcome2,TEST,SB83,551
TESTSB84,welcome1,welcome2,TEST,SB84,552
TESTSB85,welcome1,welcome2,TEST,SB85,553
TESTSB86,welcome1,welcome2,TEST,SB86,554
TESTSB87,welcome1,welcome2,TEST,SB87,555
TESTSB88,welcome1,welcome2,TEST,SB88,556
TESTSB89,welcome1,welcome2,TEST,SB89,557
TESTSB90,welcome1,welcome2,TEST,SB90,558
TESTSB91,welcome1,welcome2,TEST,SB91,559
TESTSB92,welcome1,welcome2,TEST,SB92,560
TESTSB93,welcome1,welcome2,TEST,SB93,561
TESTSB94,welcome1,welcome2,TEST,SB94,562
TESTSB95,welcome1,welcome2,TEST,SB95,563
TESTSB96,welcome1,welcome2,TEST,SB96,564
TESTSB97,welcome1,welcome2,TEST,SB97,565
TESTSB98,welcome1,welcome2,TEST,SB98,566
TESTSB99,welcome1,welcome2,TEST,SB99,567
TESTSB100,welcome1,welcome2,TEST,SB100,568
TESTSB101,welcome1,welcome2,TEST,SB101,569
TESTSB102,welcome1,welcome2,TEST,SB102,570
TESTSB103,welcome1,welcome2,TEST,SB103,571
TESTSB104,welcome1,welcome2,TEST,SB104,572
TESTSB105,welcome1,welcome2,TEST,SB105,573
TESTSB106,welcome1,welcome2,TEST,SB106,574
TESTSB107,welcome1,welcome2,TEST,SB107,575
TESTSB108,welcome1,welcome2,TEST,SB108,576
TESTSB109,welcome1,welcome2,TEST,SB109,577
TESTSB110,welcome1,welcome2,TEST,SB110,578
TESTSB111,welcome1,welcome2,TEST,SB111,579
TESTSB112,welcome1,welcome2,TEST,SB112,580
TESTSB113,welcome1,welcome2,TEST,SB113,581
TESTSB114,welcome1,welcome2,TEST,SB114,582
TESTSB115,welcome1,welcome2,TEST,SB115,583
TESTSB116,welcome1,welcome2,TEST,SB116,584
TESTSB117,welcome1,welcome2,TEST,SB117,585
TESTSB1,welcome1,welcome2,TEST,SB1,586
TESTSB2,welcome1,welcome2,TEST,SB2,587
TESTSB3,welcome1,welcome2,TEST,SB3,588
TESTSB4,welcome1,welcome2,TEST,SB4,589
TESTSB5,welcome1,welcome2,TEST,SB5,590
TESTSB6,welcome1,welcome2,TEST,SB6,591
TESTSB7,welcome1,welcome2,TEST,SB7,592
TESTSB8,welcome1,welcome2,TEST,SB8,593
TESTSB9,welcome1,welcome2,TEST,SB9,594
TESTSB10,welcome1,welcome2,TEST,SB10,595
TESTSB11,welcome1,welcome2,TEST,SB11,596
TESTSB12,welcome1,welcome2,TEST,SB12,597
TESTSB13,welcome1,welcome2,TEST,SB13,598
TESTSB14,welcome1,welcome2,TEST,SB14,599
TESTSB15,welcome1,welcome2,TEST,SB15,600
TESTSB16,welcome1,welcome2,TEST,SB16,601
TESTSB17,welcome1,welcome2,TEST,SB17,602
TESTSB18,welcome1,welcome2,TEST,SB18,603
TESTSB19,welcome1,welcome2,TEST,SB19,604
TESTSB20,welcome1,welcome2,TEST,SB20,605
TESTSB21,welcome1,welcome2,TEST,SB21,606
TESTSB22,welcome1,welcome2,TEST,SB22,607
TESTSB23,welcome1,welcome2,TEST,SB23,608
TESTSB24,welcome1,welcome2,TEST,SB24,609
TESTSB25,welcome1,welcome2,TEST,SB25,610
TESTSB26,welcome1,welcome2,TEST,SB26,611
TESTSB27,welcome1,welcome2,TEST,SB27,612
TESTSB28,welcome1,welcome2,TEST,SB28,613
TESTSB29,welcome1,welcome2,TEST,SB29,614
TESTSB30,welcome1,welcome2,TEST,SB30,615
TESTSB31,welcome1,welcome2,TEST,SB31,616
TESTSB32,welcome1,welcome2,TEST,SB32,617
TESTSB33,welcome1,welcome2,TEST,SB33,618
TESTSB34,welcome1,welcome2,TEST,SB34,619
TESTSB35,welcome1,welcome2,TEST,SB35,620
TESTSB36,welcome1,welcome2,TEST,SB36,621
TESTSB37,welcome1,welcome2,TEST,SB37,622
TESTSB38,welcome1,welcome2,TEST,SB38,623
TESTSB39,welcome1,welcome2,TEST,SB39,624
TESTSB40,welcome1,welcome2,TEST,SB40,625
TESTSB41,welcome1,welcome2,TEST,SB41,626
TESTSB42,welcome1,welcome2,TEST,SB42,627
TESTSB43,welcome1,welcome2,TEST,SB43,628
TESTSB44,welcome1,welcome2,TEST,SB44,629
TESTSB45,welcome1,welcome2,TEST,SB45,630
TESTSB46,welcome1,welcome2,TEST,SB46,631
TESTSB47,welcome1,welcome2,TEST,SB47,632
TESTSB48,welcome1,welcome2,TEST,SB48,633
TESTSB49,welcome1,welcome2,TEST,SB49,634
TESTSB50,welcome1,welcome2,TEST,SB50,635
TESTSB51,welcome1,welcome2,TEST,SB51,636
TESTSB52,welcome1,welcome2,TEST,SB52,637
TESTSB53,welcome1,welcome2,TEST,SB53,638
TESTSB54,welcome1,welcome2,TEST,SB54,639
TESTSB55,welcome1,welcome2,TEST,SB55,640
TESTSB56,welcome1,welcome2,TEST,SB56,641
TESTSB57,welcome1,welcome2,TEST,SB57,642
TESTSB58,welcome1,welcome2,TEST,SB58,643
TESTSB59,welcome1,welcome2,TEST,SB59,644
TESTSB60,welcome1,welcome2,TEST,SB60,645
TESTSB61,welcome1,welcome2,TEST,SB61,646
TESTSB62,welcome1,welcome2,TEST,SB62,647
TESTSB63,welcome1,welcome2,TEST,SB63,648
TESTSB64,welcome1,welcome2,TEST,SB64,649
TESTSB65,welcome1,welcome2,TEST,SB65,650
TESTSB66,welcome1,welcome2,TEST,SB66,651
TESTSB67,welcome1,welcome2,TEST,SB67,652
TESTSB68,welcome1,welcome2,TEST,SB68,653
TESTSB69,welcome1,welcome2,TEST,SB69,654
TESTSB70,welcome1,welcome2,TEST,SB70,655
TESTSB71,welcome1,welcome2,TEST,SB71,656
TESTSB72,welcome1,welcome2,TEST,SB72,657
TESTSB73,welcome1,welcome2,TEST,SB73,658
TESTSB74,welcome1,welcome2,TEST,SB74,659
TESTSB75,welcome1,welcome2,TEST,SB75,660
TESTSB76,welcome1,welcome2,TEST,SB76,661
TESTSB77,welcome1,welcome2,TEST,SB77,662
TESTSB78,welcome1,welcome2,TEST,SB78,663
TESTSB79,welcome1,welcome2,TEST,SB79,664
TESTSB80,welcome1,welcome2,TEST,SB80,665
TESTSB81,welcome1,welcome2,TEST,SB81,666
TESTSB82,welcome1,welcome2,TEST,SB82,667
TESTSB83,welcome1,welcome2,TEST,SB83,668
TESTSB84,welcome1,welcome2,TEST,SB84,669
TESTSB85,welcome1,welcome2,TEST,SB85,670
TESTSB86,welcome1,welcome2,TEST,SB86,671
TESTSB87,welcome1,welcome2,TEST,SB87,672
TESTSB88,welcome1,welcome2,TEST,SB88,673
TESTSB89,welcome1,welcome2,TEST,SB89,674
TESTSB90,welcome1,welcome2,TEST,SB90,675
TESTSB91,welcome1,welcome2,TEST,SB91,676
TESTSB92,welcome1,welcome2,TEST,SB92,677
TESTSB93,welcome1,welcome2,TEST,SB93,678
TESTSB94,welcome1,welcome2,TEST,SB94,679
TESTSB95,welcome1,welcome2,TEST,SB95,680
TESTSB96,welcome1,welcome2,TEST,SB96,681
TESTSB97,welcome1,welcome2,TEST,SB97,682
TESTSB98,welcome1,welcome2,TEST,SB98,683
TESTSB99,welcome1,welcome2,TEST,SB99,684
TESTSB100,welcome1,welcome2,TEST,SB100,685
TESTSB101,welcome1,welcome2,TEST,SB101,686
TESTSB102,welcome1,welcome2,TEST,SB102,687
TESTSB103,welcome1,welcome2,TEST,SB103,688
TESTSB104,welcome1,welcome2,TEST,SB104,689
TESTSB105,welcome1,welcome2,TEST,SB105,690
TESTSB106,welcome1,welcome2,TEST,SB106,691
TESTSB107,welcome1,welcome2,TEST,SB107,692
TESTSB108,welcome1,welcome2,TEST,SB108,693
TESTSB109,welcome1,welcome2,TEST,SB109,694
TESTSB110,welcome1,welcome2,TEST,SB110,695
TESTSB111,welcome1,welcome2,TEST,SB111,696
TESTSB112,welcome1,welcome2,TEST,SB112,697
TESTSB113,welcome1,welcome2,TEST,SB113,698
TESTSB114,welcome1,welcome2,TEST,SB114,699
TESTSB115,welcome1,welcome2,TEST,SB115,700
TESTSB116,welcome1,welcome2,TEST,SB116,701
TESTSB117,welcome1,welcome2,TEST,SB117,702
TESTSB1,welcome1,welcome2,TEST,SB1,703
TESTSB2,welcome1,welcome2,TEST,SB2,704
TESTSB3,welcome1,welcome2,TEST,SB3,705
TESTSB4,welcome1,welcome2,TEST,SB4,706
TESTSB5,welcome1,welcome2,TEST,SB5,707
TESTSB6,welcome1,welcome2,TEST,SB6,708
TESTSB7,welcome1,welcome2,TEST,SB7,709
TESTSB8,welcome1,welcome2,TEST,SB8,710
TESTSB9,welcome1,welcome2,TEST,SB9,711
TESTSB10,welcome1,welcome2,TEST,SB10,712
TESTSB11,welcome1,welcome2,TEST,SB11,713
TESTSB12,welcome1,welcome2,TEST,SB12,714
TESTSB13,welcome1,welcome2,TEST,SB13,715
TESTSB14,welcome1,welcome2,TEST,SB14,716
TESTSB15,welcome1,welcome2,TEST,SB15,717
TESTSB16,welcome1,welcome2,TEST,SB16,718
TESTSB17,welcome1,welcome2,TEST,SB17,719
TESTSB18,welcome1,welcome2,TEST,SB18,720
TESTSB19,welcome1,welcome2,TEST,SB19,721
TESTSB20,welcome1,welcome2,TEST,SB20,722
TESTSB21,welcome1,welcome2,TEST,SB21,723
TESTSB22,welcome1,welcome2,TEST,SB22,724
TESTSB23,welcome1,welcome2,TEST,SB23,725
TESTSB24,welcome1,welcome2,TEST,SB24,726
TESTSB25,welcome1,welcome2,TEST,SB25,727
TESTSB26,welcome1,welcome2,TEST,SB26,728
TESTSB27,welcome1,welcome2,TEST,SB27,729
TESTSB28,welcome1,welcome2,TEST,SB28,730
TESTSB29,welcome1,welcome2,TEST,SB29,731
TESTSB30,welcome1,welcome2,TEST,SB30,732
TESTSB31,welcome1,welcome2,TEST,SB31,733
TESTSB32,welcome1,welcome2,TEST,SB32,734
TESTSB33,welcome1,welcome2,TEST,SB33,735
TESTSB34,welcome1,welcome2,TEST,SB34,736
TESTSB35,welcome1,welcome2,TEST,SB35,737
TESTSB36,welcome1,welcome2,TEST,SB36,738
TESTSB37,welcome1,welcome2,TEST,SB37,739
TESTSB38,welcome1,welcome2,TEST,SB38,740
TESTSB39,welcome1,welcome2,TEST,SB39,741
TESTSB40,welcome1,welcome2,TEST,SB40,742
TESTSB41,welcome1,welcome2,TEST,SB41,743
TESTSB42,welcome1,welcome2,TEST,SB42,744
TESTSB43,welcome1,welcome2,TEST,SB43,745
TESTSB44,welcome1,welcome2,TEST,SB44,746
TESTSB45,welcome1,welcome2,TEST,SB45,747
TESTSB46,welcome1,welcome2,TEST,SB46,748
TESTSB47,welcome1,welcome2,TEST,SB47,749
TESTSB48,welcome1,welcome2,TEST,SB48,750
TESTSB49,welcome1,welcome2,TEST,SB49,751
TESTSB50,welcome1,welcome2,TEST,SB50,752
TESTSB51,welcome1,welcome2,TEST,SB51,753
TESTSB52,welcome1,welcome2,TEST,SB52,754
TESTSB53,welcome1,welcome2,TEST,SB53,755
TESTSB54,welcome1,welcome2,TEST,SB54,756
TESTSB55,welcome1,welcome2,TEST,SB55,757
TESTSB56,welcome1,welcome2,TEST,SB56,758
TESTSB57,welcome1,welcome2,TEST,SB57,759
TESTSB58,welcome1,welcome2,TEST,SB58,760
TESTSB59,welcome1,welcome2,TEST,SB59,761
TESTSB60,welcome1,welcome2,TEST,SB60,762
TESTSB61,welcome1,welcome2,TEST,SB61,763
TESTSB62,welcome1,welcome2,TEST,SB62,764
TESTSB63,welcome1,welcome2,TEST,SB63,765
TESTSB64,welcome1,welcome2,TEST,SB64,766
TESTSB65,welcome1,welcome2,TEST,SB65,767
TESTSB66,welcome1,welcome2,TEST,SB66,768
TESTSB67,welcome1,welcome2,TEST,SB67,769
TESTSB68,welcome1,welcome2,TEST,SB68,770
TESTSB69,welcome1,welcome2,TEST,SB69,771
TESTSB70,welcome1,welcome2,TEST,SB70,772
TESTSB71,welcome1,welcome2,TEST,SB71,773
TESTSB72,welcome1,welcome2,TEST,SB72,774
TESTSB73,welcome1,welcome2,TEST,SB73,775
TESTSB74,welcome1,welcome2,TEST,SB74,776
TESTSB75,welcome1,welcome2,TEST,SB75,777
TESTSB76,welcome1,welcome2,TEST,SB76,778
TESTSB77,welcome1,welcome2,TEST,SB77,779
TESTSB78,welcome1,welcome2,TEST,SB78,780
TESTSB79,welcome1,welcome2,TEST,SB79,781
TESTSB80,welcome1,welcome2,TEST,SB80,782
TESTSB81,welcome1,welcome2,TEST,SB81,783
TESTSB82,welcome1,welcome2,TEST,SB82,784
TESTSB83,welcome1,welcome2,TEST,SB83,785
TESTSB84,welcome1,welcome2,TEST,SB84,786
TESTSB85,welcome1,welcome2,TEST,SB85,787
TESTSB86,welcome1,welcome2,TEST,SB86,788
TESTSB87,welcome1,welcome2,TEST,SB87,789
TESTSB88,welcome1,welcome2,TEST,SB88,790
TESTSB89,welcome1,welcome2,TEST,SB89,791
TESTSB90,welcome1,welcome2,TEST,SB90,792
TESTSB91,welcome1,welcome2,TEST,SB91,793
TESTSB92,welcome1,welcome2,TEST,SB92,794
TESTSB93,welcome1,welcome2,TEST,SB93,795
TESTSB94,welcome1,welcome2,TEST,SB94,796
TESTSB95,welcome1,welcome2,TEST,SB95,797
TESTSB96,welcome1,welcome2,TEST,SB96,798
TESTSB97,welcome1,welcome2,TEST,SB97,799
TESTSB98,welcome1,welcome2,TEST,SB98,800
TESTSB99,welcome1,welcome2,TEST,SB99,801
TESTSB100,welcome1,welcome2,TEST,SB100,802
TESTSB101,welcome1,welcome2,TEST,SB101,803
TESTSB102,welcome1,welcome2,TEST,SB102,804
TESTSB103,welcome1,welcome2,TEST,SB103,805
TESTSB104,welcome1,welcome2,TEST,SB104,806
TESTSB105,welcome1,welcome2,TEST,SB105,807
TESTSB106,welcome1,welcome2,TEST,SB106,808
TESTSB107,welcome1,welcome2,TEST,SB107,809
TESTSB108,welcome1,welcome2,TEST,SB108,810
TESTSB109,welcome1,welcome2,TEST,SB109,811
TESTSB110,welcome1,welcome2,TEST,SB110,812
TESTSB111,welcome1,welcome2,TEST,SB111,813
TESTSB112,welcome1,welcome2,TEST,SB112,814
TESTSB113,welcome1,welcome2,TEST,SB113,815
TESTSB114,welcome1,welcome2,TEST,SB114,816
TESTSB115,welcome1,welcome2,TEST,SB115,817
TESTSB116,welcome1,welcome2,TEST,SB116,818
TESTSB117,welcome1,welcome2,TEST,SB117,819
TESTSB1,welcome1,welcome2,TEST,SB1,820
TESTSB2,welcome1,welcome2,TEST,SB2,821
TESTSB3,welcome1,welcome2,TEST,SB3,822
TESTSB4,welcome1,welcome2,TEST,SB4,823
TESTSB5,welcome1,welcome2,TEST,SB5,824
TESTSB6,welcome1,welcome2,TEST,SB6,825
TESTSB7,welcome1,welcome2,TEST,SB7,826
TESTSB8,welcome1,welcome2,TEST,SB8,827
TESTSB9,welcome1,welcome2,TEST,SB9,828
TESTSB10,welcome1,welcome2,TEST,SB10,829
TESTSB11,welcome1,welcome2,TEST,SB11,830
TESTSB12,welcome1,welcome2,TEST,SB12,831
TESTSB13,welcome1,welcome2,TEST,SB13,832
TESTSB14,welcome1,welcome2,TEST,SB14,833
TESTSB15,welcome1,welcome2,TEST,SB15,834
TESTSB16,welcome1,welcome2,TEST,SB16,835
TESTSB17,welcome1,welcome2,TEST,SB17,836
TESTSB18,welcome1,welcome2,TEST,SB18,837
TESTSB19,welcome1,welcome2,TEST,SB19,838
TESTSB20,welcome1,welcome2,TEST,SB20,839
TESTSB21,welcome1,welcome2,TEST,SB21,840
TESTSB22,welcome1,welcome2,TEST,SB22,841
TESTSB23,welcome1,welcome2,TEST,SB23,842
TESTSB24,welcome1,welcome2,TEST,SB24,843
TESTSB25,welcome1,welcome2,TEST,SB25,844
TESTSB26,welcome1,welcome2,TEST,SB26,845
TESTSB27,welcome1,welcome2,TEST,SB27,846
TESTSB28,welcome1,welcome2,TEST,SB28,847
TESTSB29,welcome1,welcome2,TEST,SB29,848
TESTSB30,welcome1,welcome2,TEST,SB30,849
TESTSB31,welcome1,welcome2,TEST,SB31,850
TESTSB32,welcome1,welcome2,TEST,SB32,851
TESTSB33,welcome1,welcome2,TEST,SB33,852
TESTSB34,welcome1,welcome2,TEST,SB34,853
TESTSB35,welcome1,welcome2,TEST,SB35,854
TESTSB36,welcome1,welcome2,TEST,SB36,855
TESTSB37,welcome1,welcome2,TEST,SB37,856
TESTSB38,welcome1,welcome2,TEST,SB38,857
TESTSB39,welcome1,welcome2,TEST,SB39,858
TESTSB40,welcome1,welcome2,TEST,SB40,859
TESTSB41,welcome1,welcome2,TEST,SB41,860
TESTSB42,welcome1,welcome2,TEST,SB42,861
TESTSB43,welcome1,welcome2,TEST,SB43,862
TESTSB44,welcome1,welcome2,TEST,SB44,863
TESTSB45,welcome1,welcome2,TEST,SB45,864
TESTSB46,welcome1,welcome2,TEST,SB46,865
TESTSB47,welcome1,welcome2,TEST,SB47,866
TESTSB48,welcome1,welcome2,TEST,SB48,867
TESTSB49,welcome1,welcome2,TEST,SB49,868
TESTSB50,welcome1,welcome2,TEST,SB50,869
TESTSB51,welcome1,welcome2,TEST,SB51,870
TESTSB52,welcome1,welcome2,TEST,SB52,871
TESTSB53,welcome1,welcome2,TEST,SB53,872
TESTSB54,welcome1,welcome2,TEST,SB54,873
TESTSB55,welcome1,welcome2,TEST,SB55,874
TESTSB56,welcome1,welcome2,TEST,SB56,875
TESTSB57,welcome1,welcome2,TEST,SB57,876
TESTSB58,welcome1,welcome2,TEST,SB58,877
TESTSB59,welcome1,welcome2,TEST,SB59,878
TESTSB60,welcome1,welcome2,TEST,SB60,879
TESTSB61,welcome1,welcome2,TEST,SB61,880
TESTSB62,welcome1,welcome2,TEST,SB62,881
TESTSB63,welcome1,welcome2,TEST,SB63,882
TESTSB64,welcome1,welcome2,TEST,SB64,883
TESTSB65,welcome1,welcome2,TEST,SB65,884
TESTSB66,welcome1,welcome2,TEST,SB66,885
TESTSB67,welcome1,welcome2,TEST,SB67,886
TESTSB68,welcome1,welcome2,TEST,SB68,887
TESTSB69,welcome1,welcome2,TEST,SB69,888
TESTSB70,welcome1,welcome2,TEST,SB70,889
TESTSB71,welcome1,welcome2,TEST,SB71,890
TESTSB72,welcome1,welcome2,TEST,SB72,891
TESTSB73,welcome1,welcome2,TEST,SB73,892
TESTSB74,welcome1,welcome2,TEST,SB74,893
TESTSB75,welcome1,welcome2,TEST,SB75,894
TESTSB76,welcome1,welcome2,TEST,SB76,895
TESTSB77,welcome1,welcome2,TEST,SB77,896
TESTSB78,welcome1,welcome2,TEST,SB78,897
TESTSB79,welcome1,welcome2,TEST,SB79,898
TESTSB80,welcome1,welcome2,TEST,SB80,899
TESTSB81,welcome1,welcome2,TEST,SB81,900
TESTSB82,welcome1,welcome2,TEST,SB82,901
TESTSB83,welcome1,welcome2,TEST,SB83,902
TESTSB84,welcome1,welcome2,TEST,SB84,903
TESTSB85,welcome1,welcome2,TEST,SB85,904
TESTSB86,welcome1,welcome2,TEST,SB86,905
TESTSB87,welcome1,welcome2,TEST,SB87,906
TESTSB88,welcome1,welcome2,TEST,SB88,907
TESTSB89,welcome1,welcome2,TEST,SB89,908
TESTSB90,welcome1,welcome2,TEST,SB90,909
TESTSB91,welcome1,welcome2,TEST,SB91,910
TESTSB92,welcome1,welcome2,TEST,SB92,911
TESTSB93,welcome1,welcome2,TEST,SB93,912
TESTSB94,welcome1,welcome2,TEST,SB94,913
TESTSB95,welcome1,welcome2,TEST,SB95,914
TESTSB96,welcome1,welcome2,TEST,SB96,915
TESTSB97,welcome1,welcome2,TEST,SB97,916
TESTSB98,welcome1,welcome2,TEST,SB98,917
TESTSB99,welcome1,welcome2,TEST,SB99,918
TESTSB100,welcome1,welcome2,TEST,SB100,919
TESTSB101,welcome1,welcome2,TEST,SB101,920
TESTSB102,welcome1,welcome2,TEST,SB102,921
TESTSB103,welcome1,welcome2,TEST,SB103,922
TESTSB104,welcome1,welcome2,TEST,SB104,923
TESTSB105,welcome1,welcome2,TEST,SB105,924
TESTSB106,welcome1,welcome2,TEST,SB106,925
TESTSB107,welcome1,welcome2,TEST,SB107,926
TESTSB108,welcome1,welcome2,TEST,SB108,927
TESTSB109,welcome1,welcome2,TEST,SB109,928
TESTSB110,welcome1,welcome2,TEST,SB110,929
TESTSB111,welcome1,welcome2,TEST,SB111,930
TESTSB112,welcome1,welcome2,TEST,SB112,931
TESTSB113,welcome1,welcome2,TEST,SB113,932
TESTSB114,welcome1,welcome2,TEST,SB114,933
TESTSB115,welcome1,welcome2,TEST,SB115,934
TESTSB116,welcome1,welcome2,TEST,SB116,935
TESTSB117,welcome1,welcome2,TEST,SB117,936
TESTSB1,welcome1,welcome2,TEST,SB1,937
TESTSB2,welcome1,welcome2,TEST,SB2,938
TESTSB3,welcome1,welcome2,TEST,SB3,939
TESTSB4,welcome1,welcome2,TEST,SB4,940
TESTSB5,welcome1,welcome2,TEST,SB5,941
TESTSB6,welcome1,welcome2,TEST,SB6,942
TESTSB7,welcome1,welcome2,TEST,SB7,943
TESTSB8,welcome1,welcome2,TEST,SB8,944
TESTSB9,welcome1,welcome2,TEST,SB9,945
TESTSB10,welcome1,welcome2,TEST,SB10,946
TESTSB11,welcome1,welcome2,TEST,SB11,947
TESTSB12,welcome1,welcome2,TEST,SB12,948
TESTSB13,welcome1,welcome2,TEST,SB13,949
TESTSB14,welcome1,welcome2,TEST,SB14,950
TESTSB15,welcome1,welcome2,TEST,SB15,951
TESTSB16,welcome1,welcome2,TEST,SB16,952
TESTSB17,welcome1,welcome2,TEST,SB17,953
TESTSB18,welcome1,welcome2,TEST,SB18,954
TESTSB19,welcome1,welcome2,TEST,SB19,955
TESTSB20,welcome1,welcome2,TEST,SB20,956
TESTSB21,welcome1,welcome2,TEST,SB21,957
TESTSB22,welcome1,welcome2,TEST,SB22,958
TESTSB23,welcome1,welcome2,TEST,SB23,959
TESTSB24,welcome1,welcome2,TEST,SB24,960
TESTSB25,welcome1,welcome2,TEST,SB25,961
TESTSB26,welcome1,welcome2,TEST,SB26,962
TESTSB27,welcome1,welcome2,TEST,SB27,963
TESTSB28,welcome1,welcome2,TEST,SB28,964
TESTSB29,welcome1,welcome2,TEST,SB29,965
TESTSB30,welcome1,welcome2,TEST,SB30,966
TESTSB31,welcome1,welcome2,TEST,SB31,967
TESTSB32,welcome1,welcome2,TEST,SB32,968
TESTSB33,welcome1,welcome2,TEST,SB33,969
TESTSB34,welcome1,welcome2,TEST,SB34,970
TESTSB35,welcome1,welcome2,TEST,SB35,971
TESTSB36,welcome1,welcome2,TEST,SB36,972
TESTSB37,welcome1,welcome2,TEST,SB37,973
TESTSB38,welcome1,welcome2,TEST,SB38,974
TESTSB39,welcome1,welcome2,TEST,SB39,975
TESTSB40,welcome1,welcome2,TEST,SB40,976
TESTSB41,welcome1,welcome2,TEST,SB41,977
TESTSB42,welcome1,welcome2,TEST,SB42,978
TESTSB43,welcome1,welcome2,TEST,SB43,979
TESTSB44,welcome1,welcome2,TEST,SB44,980
TESTSB45,welcome1,welcome2,TEST,SB45,981
TESTSB46,welcome1,welcome2,TEST,SB46,982
TESTSB47,welcome1,welcome2,TEST,SB47,983
TESTSB48,welcome1,welcome2,TEST,SB48,984
TESTSB49,welcome1,welcome2,TEST,SB49,985
TESTSB50,welcome1,welcome2,TEST,SB50,986
TESTSB51,welcome1,welcome2,TEST,SB51,987
TESTSB52,welcome1,welcome2,TEST,SB52,988
TESTSB53,welcome1,welcome2,TEST,SB53,989
TESTSB54,welcome1,welcome2,TEST,SB54,990
TESTSB55,welcome1,welcome2,TEST,SB55,991
TESTSB56,welcome1,welcome2,TEST,SB56,992
TESTSB57,welcome1,welcome2,TEST,SB57,993
TESTSB58,welcome1,welcome2,TEST,SB58,994
TESTSB59,welcome1,welcome2,TEST,SB59,995
TESTSB60,welcome1,welcome2,TEST,SB60,996
TESTSB61,welcome1,welcome2,TEST,SB61,997
TESTSB62,welcome1,welcome2,TEST,SB62,998
TESTSB63,welcome1,welcome2,TEST,SB63,999
TESTSB64,welcome1,welcome2,TEST,SB64,1000
TESTSB65,welcome1,welcome2,TEST,SB65,1001
TESTSB66,welcome1,welcome2,TEST,SB66,1002
TESTSB67,welcome1,welcome2,TEST,SB67,1003
TESTSB68,welcome1,welcome2,TEST,SB68,1004
TESTSB69,welcome1,welcome2,TEST,SB69,1005
TESTSB70,welcome1,welcome2,TEST,SB70,1006
TESTSB71,welcome1,welcome2,TEST,SB71,1007
TESTSB72,welcome1,welcome2,TEST,SB72,1008
TESTSB73,welcome1,welcome2,TEST,SB73,1009
TESTSB74,welcome1,welcome2,TEST,SB74,1010
TESTSB75,welcome1,welcome2,TEST,SB75,1011
TESTSB76,welcome1,welcome2,TEST,SB76,1012
TESTSB77,welcome1,welcome2,TEST,SB77,1013
TESTSB78,welcome1,welcome2,TEST,SB78,1014
TESTSB79,welcome1,welcome2,TEST,SB79,1015
TESTSB80,welcome1,welcome2,TEST,SB80,1016
TESTSB81,welcome1,welcome2,TEST,SB81,1017
TESTSB82,welcome1,welcome2,TEST,SB82,1018
TESTSB83,welcome1,welcome2,TEST,SB83,1019
TESTSB84,welcome1,welcome2,TEST,SB84,1020
TESTSB85,welcome1,welcome2,TEST,SB85,1021
TESTSB86,welcome1,welcome2,TEST,SB86,1022
TESTSB87,welcome1,welcome2,TEST,SB87,1023
TESTSB88,welcome1,welcome2,TEST,SB88,1024
TESTSB89,welcome1,welcome2,TEST,SB89,1025
TESTSB90,welcome1,welcome2,TEST,SB90,1026
TESTSB91,welcome1,welcome2,TEST,SB91,1027
TESTSB92,welcome1,welcome2,TEST,SB92,1028
TESTSB93,welcome1,welcome2,TEST,SB93,1029
TESTSB94,welcome1,welcome2,TEST,SB94,1030
TESTSB95,welcome1,welcome2,TEST,SB95,1031
TESTSB96,welcome1,welcome2,TEST,SB96,1032
TESTSB97,welcome1,welcome2,TEST,SB97,1033
TESTSB98,welcome1,welcome2,TEST,SB98,1034
TESTSB99,welcome1,welcome2,TEST,SB99,1035
TESTSB100,welcome1,welcome2,TEST,SB100,1036
TESTSB101,welcome1,welcome2,TEST,SB101,1037
TESTSB102,welcome1,welcome2,TEST,SB102,1038
TESTSB103,welcome1,welcome2,TEST,SB103,1039
TESTSB104,welcome1,welcome2,TEST,SB104,1040
TESTSB105,welcome1,welcome2,TEST,SB105,1041
TESTSB106,welcome1,welcome2,TEST,SB106,1042
TESTSB107,welcome1,welcome2,TEST,SB107,1043
TESTSB108,welcome1,welcome2,TEST,SB108,1044
TESTSB109,welcome1,welcome2,TEST,SB109,1045
TESTSB110,welcome1,welcome2,TEST,SB110,1046
TESTSB111,welcome1,welcome2,TEST,SB111,1047
TESTSB112,welcome1,welcome2,TEST,SB112,1048
TESTSB113,welcome1,welcome2,TEST,SB113,1049
TESTSB114,welcome1,welcome2,TEST,SB114,1050
TESTSB115,welcome1,welcome2,TEST,SB115,1051
TESTSB116,welcome1,welcome2,TEST,SB116,1052
TESTSB117,welcome1,welcome2,TEST,SB117,1053
TESTSB1,welcome1,welcome2,TEST,SB1,1054
TESTSB2,welcome1,welcome2,TEST,SB2,1055
TESTSB3,welcome1,welcome2,TEST,SB3,1056
TESTSB4,welcome1,welcome2,TEST,SB4,1057
TESTSB5,welcome1,welcome2,TEST,SB5,1058
TESTSB6,welcome1,welcome2,TEST,SB6,1059
TESTSB7,welcome1,welcome2,TEST,SB7,1060
TESTSB8,welcome1,welcome2,TEST,SB8,1061
TESTSB9,welcome1,welcome2,TEST,SB9,1062
TESTSB10,welcome1,welcome2,TEST,SB10,1063
TESTSB11,welcome1,welcome2,TEST,SB11,1064
TESTSB12,welcome1,welcome2,TEST,SB12,1065
TESTSB13,welcome1,welcome2,TEST,SB13,1066
TESTSB14,welcome1,welcome2,TEST,SB14,1067
TESTSB15,welcome1,welcome2,TEST,SB15,1068
TESTSB16,welcome1,welcome2,TEST,SB16,1069
TESTSB17,welcome1,welcome2,TEST,SB17,1070
TESTSB18,welcome1,welcome2,TEST,SB18,1071
TESTSB19,welcome1,welcome2,TEST,SB19,1072
TESTSB20,welcome1,welcome2,TEST,SB20,1073
TESTSB21,welcome1,welcome2,TEST,SB21,1074
TESTSB22,welcome1,welcome2,TEST,SB22,1075
TESTSB23,welcome1,welcome2,TEST,SB23,1076
TESTSB24,welcome1,welcome2,TEST,SB24,1077
TESTSB25,welcome1,welcome2,TEST,SB25,1078
TESTSB26,welcome1,welcome2,TEST,SB26,1079
TESTSB27,welcome1,welcome2,TEST,SB27,1080
TESTSB28,welcome1,welcome2,TEST,SB28,1081
TESTSB29,welcome1,welcome2,TEST,SB29,1082
TESTSB30,welcome1,welcome2,TEST,SB30,1083
TESTSB31,welcome1,welcome2,TEST,SB31,1084
TESTSB32,welcome1,welcome2,TEST,SB32,1085
TESTSB33,welcome1,welcome2,TEST,SB33,1086
TESTSB34,welcome1,welcome2,TEST,SB34,1087
TESTSB35,welcome1,welcome2,TEST,SB35,1088
TESTSB36,welcome1,welcome2,TEST,SB36,1089
TESTSB37,welcome1,welcome2,TEST,SB37,1090
TESTSB38,welcome1,welcome2,TEST,SB38,1091
TESTSB39,welcome1,welcome2,TEST,SB39,1092
TESTSB40,welcome1,welcome2,TEST,SB40,1093
TESTSB41,welcome1,welcome2,TEST,SB41,1094
TESTSB42,welcome1,welcome2,TEST,SB42,1095
TESTSB43,welcome1,welcome2,TEST,SB43,1096
TESTSB44,welcome1,welcome2,TEST,SB44,1097
TESTSB45,welcome1,welcome2,TEST,SB45,1098
TESTSB46,welcome1,welcome2,TEST,SB46,1099
TESTSB47,welcome1,welcome2,TEST,SB47,1100
TESTSB48,welcome1,welcome2,TEST,SB48,1101
TESTSB49,welcome1,welcome2,TEST,SB49,1102
TESTSB50,welcome1,welcome2,TEST,SB50,1103
TESTSB51,welcome1,welcome2,TEST,SB51,1104
TESTSB52,welcome1,welcome2,TEST,SB52,1105
TESTSB53,welcome1,welcome2,TEST,SB53,1106
TESTSB54,welcome1,welcome2,TEST,SB54,1107
TESTSB55,welcome1,welcome2,TEST,SB55,1108
TESTSB56,welcome1,welcome2,TEST,SB56,1109
TESTSB57,welcome1,welcome2,TEST,SB57,1110
TESTSB58,welcome1,welcome2,TEST,SB58,1111
TESTSB59,welcome1,welcome2,TEST,SB59,1112
TESTSB60,welcome1,welcome2,TEST,SB60,1113
TESTSB61,welcome1,welcome2,TEST,SB61,1114
TESTSB62,welcome1,welcome2,TEST,SB62,1115
TESTSB63,welcome1,welcome2,TEST,SB63,1116
TESTSB64,welcome1,welcome2,TEST,SB64,1117
TESTSB65,welcome1,welcome2,TEST,SB65,1118
TESTSB66,welcome1,welcome2,TEST,SB66,1119
TESTSB67,welcome1,welcome2,TEST,SB67,1120
TESTSB68,welcome1,welcome2,TEST,SB68,1121
TESTSB69,welcome1,welcome2,TEST,SB69,1122
TESTSB70,welcome1,welcome2,TEST,SB70,1123
TESTSB71,welcome1,welcome2,TEST,SB71,1124
TESTSB72,welcome1,welcome2,TEST,SB72,1125
TESTSB73,welcome1,welcome2,TEST,SB73,1126
TESTSB74,welcome1,welcome2,TEST,SB74,1127
TESTSB75,welcome1,welcome2,TEST,SB75,1128
TESTSB76,welcome1,welcome2,TEST,SB76,1129
TESTSB77,welcome1,welcome2,TEST,SB77,1130
TESTSB78,welcome1,welcome2,TEST,SB78,1131
TESTSB79,welcome1,welcome2,TEST,SB79,1132
TESTSB80,welcome1,welcome2,TEST,SB80,1133
TESTSB81,welcome1,welcome2,TEST,SB81,1134
TESTSB82,welcome1,welcome2,TEST,SB82,1135
TESTSB83,welcome1,welcome2,TEST,SB83,1136
TESTSB84,welcome1,welcome2,TEST,SB84,1137
TESTSB85,welcome1,welcome2,TEST,SB85,1138
TESTSB86,welcome1,welcome2,TEST,SB86,1139
TESTSB87,welcome1,welcome2,TEST,SB87,1140
TESTSB88,welcome1,welcome2,TEST,SB88,1141
TESTSB89,welcome1,welcome2,TEST,SB89,1142
TESTSB90,welcome1,welcome2,TEST,SB90,1143
TESTSB91,welcome1,welcome2,TEST,SB91,1144
TESTSB92,welcome1,welcome2,TEST,SB92,1145
TESTSB93,welcome1,welcome2,TEST,SB93,1146
TESTSB94,welcome1,welcome2,TEST,SB94,1147
TESTSB95,welcome1,welcome2,TEST,SB95,1148
TESTSB96,welcome1,welcome2,TEST,SB96,1149
TESTSB97,welcome1,welcome2,TEST,SB97,1150
TESTSB98,welcome1,welcome2,TEST,SB98,1151
TESTSB99,welcome1,welcome2,TEST,SB99,1152
TESTSB100,welcome1,welcome2,TEST,SB100,1153
TESTSB101,welcome1,welcome2,TEST,SB101,1154
TESTSB102,welcome1,welcome2,TEST,SB102,1155
TESTSB103,welcome1,welcome2,TEST,SB103,1156
TESTSB104,welcome1,welcome2,TEST,SB104,1157
TESTSB105,welcome1,welcome2,TEST,SB105,1158
TESTSB106,welcome1,welcome2,TEST,SB106,1159
TESTSB107,welcome1,welcome2,TEST,SB107,1160
TESTSB108,welcome1,welcome2,TEST,SB108,1161
TESTSB109,welcome1,welcome2,TEST,SB109,1162
TESTSB110,welcome1,welcome2,TEST,SB110,1163
TESTSB111,welcome1,welcome2,TEST,SB111,1164
TESTSB112,welcome1,welcome2,TEST,SB112,1165
TESTSB113,welcome1,welcome2,TEST,SB113,1166
TESTSB114,welcome1,welcome2,TEST,SB114,1167
TESTSB115,welcome1,welcome2,TEST,SB115,1168
TESTSB116,welcome1,welcome2,TEST,SB116,1169
TESTSB117,welcome1,welcome2,TEST,SB117,1170
TESTSB1,welcome1,welcome2,TEST,SB1,1171
TESTSB2,welcome1,welcome2,TEST,SB2,1172
TESTSB3,welcome1,welcome2,TEST,SB3,1173
TESTSB4,welcome1,welcome2,TEST,SB4,1174
TESTSB5,welcome1,welcome2,TEST,SB5,1175
TESTSB6,welcome1,welcome2,TEST,SB6,1176
TESTSB7,welcome1,welcome2,TEST,SB7,1177
TESTSB8,welcome1,welcome2,TEST,SB8,1178
TESTSB9,welcome1,welcome2,TEST,SB9,1179
TESTSB10,welcome1,welcome2,TEST,SB10,1180
TESTSB11,welcome1,welcome2,TEST,SB11,1181
TESTSB12,welcome1,welcome2,TEST,SB12,1182
TESTSB13,welcome1,welcome2,TEST,SB13,1183
TESTSB14,welcome1,welcome2,TEST,SB14,1184
TESTSB15,welcome1,welcome2,TEST,SB15,1185
TESTSB16,welcome1,welcome2,TEST,SB16,1186
TESTSB17,welcome1,welcome2,TEST,SB17,1187
TESTSB18,welcome1,welcome2,TEST,SB18,1188
TESTSB19,welcome1,welcome2,TEST,SB19,1189
TESTSB20,welcome1,welcome2,TEST,SB20,1190
TESTSB21,welcome1,welcome2,TEST,SB21,1191
TESTSB22,welcome1,welcome2,TEST,SB22,1192
TESTSB23,welcome1,welcome2,TEST,SB23,1193
TESTSB24,welcome1,welcome2,TEST,SB24,1194
TESTSB25,welcome1,welcome2,TEST,SB25,1195
TESTSB26,welcome1,welcome2,TEST,SB26,1196
TESTSB27,welcome1,welcome2,TEST,SB27,1197
TESTSB28,welcome1,welcome2,TEST,SB28,1198
TESTSB29,welcome1,welcome2,TEST,SB29,1199
TESTSB30,welcome1,welcome2,TEST,SB30,1200
TESTSB31,welcome1,welcome2,TEST,SB31,1201
TESTSB32,welcome1,welcome2,TEST,SB32,1202
TESTSB33,welcome1,welcome2,TEST,SB33,1203
TESTSB34,welcome1,welcome2,TEST,SB34,1204
TESTSB35,welcome1,welcome2,TEST,SB35,1205
TESTSB36,welcome1,welcome2,TEST,SB36,1206
TESTSB37,welcome1,welcome2,TEST,SB37,1207
TESTSB38,welcome1,welcome2,TEST,SB38,1208
TESTSB39,welcome1,welcome2,TEST,SB39,1209
TESTSB40,welcome1,welcome2,TEST,SB40,1210
TESTSB41,welcome1,welcome2,TEST,SB41,1211
TESTSB42,welcome1,welcome2,TEST,SB42,1212
TESTSB43,welcome1,welcome2,TEST,SB43,1213
TESTSB44,welcome1,welcome2,TEST,SB44,1214
TESTSB45,welcome1,welcome2,TEST,SB45,1215
TESTSB46,welcome1,welcome2,TEST,SB46,1216
TESTSB47,welcome1,welcome2,TEST,SB47,1217
TESTSB48,welcome1,welcome2,TEST,SB48,1218
TESTSB49,welcome1,welcome2,TEST,SB49,1219
TESTSB50,welcome1,welcome2,TEST,SB50,1220
TESTSB51,welcome1,welcome2,TEST,SB51,1221
TESTSB52,welcome1,welcome2,TEST,SB52,1222
TESTSB53,welcome1,welcome2,TEST,SB53,1223
TESTSB54,welcome1,welcome2,TEST,SB54,1224
TESTSB55,welcome1,welcome2,TEST,SB55,1225
TESTSB56,welcome1,welcome2,TEST,SB56,1226
TESTSB57,welcome1,welcome2,TEST,SB57,1227
TESTSB58,welcome1,welcome2,TEST,SB58,1228
TESTSB59,welcome1,welcome2,TEST,SB59,1229
TESTSB60,welcome1,welcome2,TEST,SB60,1230
TESTSB61,welcome1,welcome2,TEST,SB61,1231
TESTSB62,welcome1,welcome2,TEST,SB62,1232
TESTSB63,welcome1,welcome2,TEST,SB63,1233
TESTSB64,welcome1,welcome2,TEST,SB64,1234
TESTSB65,welcome1,welcome2,TEST,SB65,1235
TESTSB66,welcome1,welcome2,TEST,SB66,1236
TESTSB67,welcome1,welcome2,TEST,SB67,1237
TESTSB68,welcome1,welcome2,TEST,SB68,1238
TESTSB69,welcome1,welcome2,TEST,SB69,1239
TESTSB70,welcome1,welcome2,TEST,SB70,1240
TESTSB71,welcome1,welcome2,TEST,SB71,1241
TESTSB72,welcome1,welcome2,TEST,SB72,1242
TESTSB73,welcome1,welcome2,TEST,SB73,1243
TESTSB74,welcome1,welcome2,TEST,SB74,1244
TESTSB75,welcome1,welcome2,TEST,SB75,1245
TESTSB76,welcome1,welcome2,TEST,SB76,1246
TESTSB77,welcome1,welcome2,TEST,SB77,1247
TESTSB78,welcome1,welcome2,TEST,SB78,1248
TESTSB79,welcome1,welcome2,TEST,SB79,1249
TESTSB80,welcome1,welcome2,TEST,SB80,1250
TESTSB81,welcome1,welcome2,TEST,SB81,1251
TESTSB82,welcome1,welcome2,TEST,SB82,1252
TESTSB83,welcome1,welcome2,TEST,SB83,1253
TESTSB84,welcome1,welcome2,TEST,SB84,1254
TESTSB85,welcome1,welcome2,TEST,SB85,1255
TESTSB86,welcome1,welcome2,TEST,SB86,1256
TESTSB87,welcome1,welcome2,TEST,SB87,1257
TESTSB88,welcome1,welcome2,TEST,SB88,1258
TESTSB89,welcome1,welcome2,TEST,SB89,1259
TESTSB90,welcome1,welcome2,TEST,SB90,1260
TESTSB91,welcome1,welcome2,TEST,SB91,1261
TESTSB92,welcome1,welcome2,TEST,SB92,1262
TESTSB93,welcome1,welcome2,TEST,SB93,1263
TESTSB94,welcome1,welcome2,TEST,SB94,1264
TESTSB95,welcome1,welcome2,TEST,SB95,1265
TESTSB96,welcome1,welcome2,TEST,SB96,1266
TESTSB97,welcome1,welcome2,TEST,SB97,1267
TESTSB98,welcome1,welcome2,TEST,SB98,1268
TESTSB99,welcome1,welcome2,TEST,SB99,1269
TESTSB100,welcome1,welcome2,TEST,SB100,1270
TESTSB101,welcome1,welcome2,TEST,SB101,1271
TESTSB102,welcome1,welcome2,TEST,SB102,1272
TESTSB103,welcome1,welcome2,TEST,SB103,1273
TESTSB104,welcome1,welcome2,TEST,SB104,1274
TESTSB105,welcome1,welcome2,TEST,SB105,1275
TESTSB106,welcome1,welcome2,TEST,SB106,1276
TESTSB107,welcome1,welcome2,TEST,SB107,1277
TESTSB108,welcome1,welcome2,TEST,SB108,1278
TESTSB109,welcome1,welcome2,TEST,SB109,1279
TESTSB110,welcome1,welcome2,TEST,SB110,1280
TESTSB111,welcome1,welcome2,TEST,SB111,1281
TESTSB112,welcome1,welcome2,TEST,SB112,1282
TESTSB113,welcome1,welcome2,TEST,SB113,1283
TESTSB114,welcome1,welcome2,TEST,SB114,1284
TESTSB115,welcome1,welcome2,TEST,SB115,1285
TESTSB116,welcome1,welcome2,TEST,SB116,1286
TESTSB117,welcome1,welcome2,TEST,SB117,1287
TESTSB1,welcome1,welcome2,TEST,SB1,1288
TESTSB2,welcome1,welcome2,TEST,SB2,1289
TESTSB3,welcome1,welcome2,TEST,SB3,1290
TESTSB4,welcome1,welcome2,TEST,SB4,1291
TESTSB5,welcome1,welcome2,TEST,SB5,1292
TESTSB6,welcome1,welcome2,TEST,SB6,1293
TESTSB7,welcome1,welcome2,TEST,SB7,1294
TESTSB8,welcome1,welcome2,TEST,SB8,1295
TESTSB9,welcome1,welcome2,TEST,SB9,1296
TESTSB10,welcome1,welcome2,TEST,SB10,1297
TESTSB11,welcome1,welcome2,TEST,SB11,1298
TESTSB12,welcome1,welcome2,TEST,SB12,1299
TESTSB13,welcome1,welcome2,TEST,SB13,1300
TESTSB14,welcome1,welcome2,TEST,SB14,1301
TESTSB15,welcome1,welcome2,TEST,SB15,1302
TESTSB16,welcome1,welcome2,TEST,SB16,1303
TESTSB17,welcome1,welcome2,TEST,SB17,1304
TESTSB18,welcome1,welcome2,TEST,SB18,1305
TESTSB19,welcome1,welcome2,TEST,SB19,1306
TESTSB20,welcome1,welcome2,TEST,SB20,1307
TESTSB21,welcome1,welcome2,TEST,SB21,1308
TESTSB22,welcome1,welcome2,TEST,SB22,1309
TESTSB23,welcome1,welcome2,TEST,SB23,1310
TESTSB24,welcome1,welcome2,TEST,SB24,1311
TESTSB25,welcome1,welcome2,TEST,SB25,1312
TESTSB26,welcome1,welcome2,TEST,SB26,1313
TESTSB27,welcome1,welcome2,TEST,SB27,1314
TESTSB28,welcome1,welcome2,TEST,SB28,1315
TESTSB29,welcome1,welcome2,TEST,SB29,1316
TESTSB30,welcome1,welcome2,TEST,SB30,1317
TESTSB31,welcome1,welcome2,TEST,SB31,1318
TESTSB32,welcome1,welcome2,TEST,SB32,1319
TESTSB33,welcome1,welcome2,TEST,SB33,1320
TESTSB34,welcome1,welcome2,TEST,SB34,1321
TESTSB35,welcome1,welcome2,TEST,SB35,1322
TESTSB36,welcome1,welcome2,TEST,SB36,1323
TESTSB37,welcome1,welcome2,TEST,SB37,1324
TESTSB38,welcome1,welcome2,TEST,SB38,1325
TESTSB39,welcome1,welcome2,TEST,SB39,1326
TESTSB40,welcome1,welcome2,TEST,SB40,1327
TESTSB41,welcome1,welcome2,TEST,SB41,1328
TESTSB42,welcome1,welcome2,TEST,SB42,1329
TESTSB43,welcome1,welcome2,TEST,SB43,1330
TESTSB44,welcome1,welcome2,TEST,SB44,1331
TESTSB45,welcome1,welcome2,TEST,SB45,1332
TESTSB46,welcome1,welcome2,TEST,SB46,1333
TESTSB47,welcome1,welcome2,TEST,SB47,1334
TESTSB48,welcome1,welcome2,TEST,SB48,1335
TESTSB49,welcome1,welcome2,TEST,SB49,1336
TESTSB50,welcome1,welcome2,TEST,SB50,1337
TESTSB51,welcome1,welcome2,TEST,SB51,1338
TESTSB52,welcome1,welcome2,TEST,SB52,1339
TESTSB53,welcome1,welcome2,TEST,SB53,1340
TESTSB54,welcome1,welcome2,TEST,SB54,1341
TESTSB55,welcome1,welcome2,TEST,SB55,1342
TESTSB56,welcome1,welcome2,TEST,SB56,1343
TESTSB57,welcome1,welcome2,TEST,SB57,1344
TESTSB58,welcome1,welcome2,TEST,SB58,1345
TESTSB59,welcome1,welcome2,TEST,SB59,1346
TESTSB60,welcome1,welcome2,TEST,SB60,1347
TESTSB61,welcome1,welcome2,TEST,SB61,1348
TESTSB62,welcome1,welcome2,TEST,SB62,1349
TESTSB63,welcome1,welcome2,TEST,SB63,1350
TESTSB64,welcome1,welcome2,TEST,SB64,1351
TESTSB65,welcome1,welcome2,TEST,SB65,1352
TESTSB66,welcome1,welcome2,TEST,SB66,1353
TESTSB67,welcome1,welcome2,TEST,SB67,1354
TESTSB68,welcome1,welcome2,TEST,SB68,1355
TESTSB69,welcome1,welcome2,TEST,SB69,1356
TESTSB70,welcome1,welcome2,TEST,SB70,1357
TESTSB71,welcome1,welcome2,TEST,SB71,1358
TESTSB72,welcome1,welcome2,TEST,SB72,1359
TESTSB73,welcome1,welcome2,TEST,SB73,1360
TESTSB74,welcome1,welcome2,TEST,SB74,1361
TESTSB75,welcome1,welcome2,TEST,SB75,1362
TESTSB76,welcome1,welcome2,TEST,SB76,1363
TESTSB77,welcome1,welcome2,TEST,SB77,1364
TESTSB78,welcome1,welcome2,TEST,SB78,1365
TESTSB79,welcome1,welcome2,TEST,SB79,1366
TESTSB80,welcome1,welcome2,TEST,SB80,1367
TESTSB81,welcome1,welcome2,TEST,SB81,1368
TESTSB82,welcome1,welcome2,TEST,SB82,1369
TESTSB83,welcome1,welcome2,TEST,SB83,1370
TESTSB84,welcome1,welcome2,TEST,SB84,1371
TESTSB85,welcome1,welcome2,TEST,SB85,1372
TESTSB86,welcome1,welcome2,TEST,SB86,1373
TESTSB87,welcome1,welcome2,TEST,SB87,1374
TESTSB88,welcome1,welcome2,TEST,SB88,1375
TESTSB89,welcome1,welcome2,TEST,SB89,1376
TESTSB90,welcome1,welcome2,TEST,SB90,1377
TESTSB91,welcome1,welcome2,TEST,SB91,1378
TESTSB92,welcome1,welcome2,TEST,SB92,1379
TESTSB93,welcome1,welcome2,TEST,SB93,1380
TESTSB94,welcome1,welcome2,TEST,SB94,1381
TESTSB95,welcome1,welcome2,TEST,SB95,1382
TESTSB96,welcome1,welcome2,TEST,SB96,1383
TESTSB97,welcome1,welcome2,TEST,SB97,1384
TESTSB98,welcome1,welcome2,TEST,SB98,1385
TESTSB99,welcome1,welcome2,TEST,SB99,1386
TESTSB100,welcome1,welcome2,TEST,SB100,1387
TESTSB101,welcome1,welcome2,TEST,SB101,1388
TESTSB102,welcome1,welcome2,TEST,SB102,1389
TESTSB103,welcome1,welcome2,TEST,SB103,1390
TESTSB104,welcome1,welcome2,TEST,SB104,1391
TESTSB105,welcome1,welcome2,TEST,SB105,1392
TESTSB106,welcome1,welcome2,TEST,SB106,1393
TESTSB107,welcome1,welcome2,TEST,SB107,1394
TESTSB108,welcome1,welcome2,TEST,SB108,1395
TESTSB109,welcome1,welcome2,TEST,SB109,1396
TESTSB110,welcome1,welcome2,TEST,SB110,1397
TESTSB111,welcome1,welcome2,TEST,SB111,1398
TESTSB112,welcome1,welcome2,TEST,SB112,1399
TESTSB113,welcome1,welcome2,TEST,SB113,1400
TESTSB114,welcome1,welcome2,TEST,SB114,1401
TESTSB115,welcome1,welcome2,TEST,SB115,1402
TESTSB116,welcome1,welcome2,TEST,SB116,1403
TESTSB117,welcome1,welcome2,TEST,SB117,1404
TESTSB1,welcome1,welcome2,TEST,SB1,1405
TESTSB2,welcome1,welcome2,TEST,SB2,1406
TESTSB3,welcome1,welcome2,TEST,SB3,1407
TESTSB4,welcome1,welcome2,TEST,SB4,1408
TESTSB5,welcome1,welcome2,TEST,SB5,1409
TESTSB6,welcome1,welcome2,TEST,SB6,1410
TESTSB7,welcome1,welcome2,TEST,SB7,1411
TESTSB8,welcome1,welcome2,TEST,SB8,1412
TESTSB9,welcome1,welcome2,TEST,SB9,1413
TESTSB10,welcome1,welcome2,TEST,SB10,1414
TESTSB11,welcome1,welcome2,TEST,SB11,1415
TESTSB12,welcome1,welcome2,TEST,SB12,1416
TESTSB13,welcome1,welcome2,TEST,SB13,1417
TESTSB14,welcome1,welcome2,TEST,SB14,1418
TESTSB15,welcome1,welcome2,TEST,SB15,1419
TESTSB16,welcome1,welcome2,TEST,SB16,1420
TESTSB17,welcome1,welcome2,TEST,SB17,1421
TESTSB18,welcome1,welcome2,TEST,SB18,1422
TESTSB19,welcome1,welcome2,TEST,SB19,1423
TESTSB20,welcome1,welcome2,TEST,SB20,1424
TESTSB21,welcome1,welcome2,TEST,SB21,1425
TESTSB22,welcome1,welcome2,TEST,SB22,1426
TESTSB23,welcome1,welcome2,TEST,SB23,1427
TESTSB24,welcome1,welcome2,TEST,SB24,1428
TESTSB25,welcome1,welcome2,TEST,SB25,1429
TESTSB26,welcome1,welcome2,TEST,SB26,1430
TESTSB27,welcome1,welcome2,TEST,SB27,1431
TESTSB28,welcome1,welcome2,TEST,SB28,1432
TESTSB29,welcome1,welcome2,TEST,SB29,1433
TESTSB30,welcome1,welcome2,TEST,SB30,1434
TESTSB31,welcome1,welcome2,TEST,SB31,1435
TESTSB32,welcome1,welcome2,TEST,SB32,1436
TESTSB33,welcome1,welcome2,TEST,SB33,1437
TESTSB34,welcome1,welcome2,TEST,SB34,1438
TESTSB35,welcome1,welcome2,TEST,SB35,1439
TESTSB36,welcome1,welcome2,TEST,SB36,1440
TESTSB37,welcome1,welcome2,TEST,SB37,1441
TESTSB38,welcome1,welcome2,TEST,SB38,1442
TESTSB39,welcome1,welcome2,TEST,SB39,1443
TESTSB40,welcome1,welcome2,TEST,SB40,1444
TESTSB41,welcome1,welcome2,TEST,SB41,1445
TESTSB42,welcome1,welcome2,TEST,SB42,1446
TESTSB43,welcome1,welcome2,TEST,SB43,1447
TESTSB44,welcome1,welcome2,TEST,SB44,1448
TESTSB45,welcome1,welcome2,TEST,SB45,1449
TESTSB46,welcome1,welcome2,TEST,SB46,1450
TESTSB47,welcome1,welcome2,TEST,SB47,1451
TESTSB48,welcome1,welcome2,TEST,SB48,1452
TESTSB49,welcome1,welcome2,TEST,SB49,1453
TESTSB50,welcome1,welcome2,TEST,SB50,1454
TESTSB51,welcome1,welcome2,TEST,SB51,1455
TESTSB52,welcome1,welcome2,TEST,SB52,1456
TESTSB53,welcome1,welcome2,TEST,SB53,1457
TESTSB54,welcome1,welcome2,TEST,SB54,1458
TESTSB55,welcome1,welcome2,TEST,SB55,1459
TESTSB56,welcome1,welcome2,TEST,SB56,1460
TESTSB57,welcome1,welcome2,TEST,SB57,1461
TESTSB58,welcome1,welcome2,TEST,SB58,1462
TESTSB59,welcome1,welcome2,TEST,SB59,1463
TESTSB60,welcome1,welcome2,TEST,SB60,1464
TESTSB61,welcome1,welcome2,TEST,SB61,1465
TESTSB62,welcome1,welcome2,TEST,SB62,1466
TESTSB63,welcome1,welcome2,TEST,SB63,1467
TESTSB64,welcome1,welcome2,TEST,SB64,1468
TESTSB65,welcome1,welcome2,TEST,SB65,1469
TESTSB66,welcome1,welcome2,TEST,SB66,1470
TESTSB67,welcome1,welcome2,TEST,SB67,1471
TESTSB68,welcome1,welcome2,TEST,SB68,1472
TESTSB69,welcome1,welcome2,TEST,SB69,1473
TESTSB70,welcome1,welcome2,TEST,SB70,1474
TESTSB71,welcome1,welcome2,TEST,SB71,1475
TESTSB72,welcome1,welcome2,TEST,SB72,1476
TESTSB73,welcome1,welcome2,TEST,SB73,1477
TESTSB74,welcome1,welcome2,TEST,SB74,1478
TESTSB75,welcome1,welcome2,TEST,SB75,1479
TESTSB76,welcome1,welcome2,TEST,SB76,1480
TESTSB77,welcome1,welcome2,TEST,SB77,1481
TESTSB78,welcome1,welcome2,TEST,SB78,1482
TESTSB79,welcome1,welcome2,TEST,SB79,1483
TESTSB80,welcome1,welcome2,TEST,SB80,1484
TESTSB81,welcome1,welcome2,TEST,SB81,1485
TESTSB82,welcome1,welcome2,TEST,SB82,1486
TESTSB83,welcome1,welcome2,TEST,SB83,1487
TESTSB84,welcome1,welcome2,TEST,SB84,1488
TESTSB85,welcome1,welcome2,TEST,SB85,1489
TESTSB86,welcome1,welcome2,TEST,SB86,1490
TESTSB87,welcome1,welcome2,TEST,SB87,1491
TESTSB88,welcome1,welcome2,TEST,SB88,1492
TESTSB89,welcome1,welcome2,TEST,SB89,1493
TESTSB90,welcome1,welcome2,TEST,SB90,1494
TESTSB91,welcome1,welcome2,TEST,SB91,1495
TESTSB92,welcome1,welcome2,TEST,SB92,1496
TESTSB93,welcome1,welcome2,TEST,SB93,1497
TESTSB94,welcome1,welcome2,TEST,SB94,1498
TESTSB95,welcome1,welcome2,TEST,SB95,1499
TESTSB96,welcome1,welcome2,TEST,SB96,1500
TESTSB97,welcome1,welcome2,TEST,SB97,1501
TESTSB98,welcome1,welcome2,TEST,SB98,1502
TESTSB99,welcome1,welcome2,TEST,SB99,1503
TESTSB100,welcome1,welcome2,TEST,SB100,1504
TESTSB101,welcome1,welcome2,TEST,SB101,1505
TESTSB102,welcome1,welcome2,TEST,SB102,1506
TESTSB103,welcome1,welcome2,TEST,SB103,1507
TESTSB104,welcome1,welcome2,TEST,SB104,1508
TESTSB105,welcome1,welcome2,TEST,SB105,1509
TESTSB106,welcome1,welcome2,TEST,SB106,1510
TESTSB107,welcome1,welcome2,TEST,SB107,1511
TESTSB108,welcome1,welcome2,TEST,SB108,1512
TESTSB109,welcome1,welcome2,TEST,SB109,1513
TESTSB110,welcome1,welcome2,TEST,SB110,1514
TESTSB111,welcome1,welcome2,TEST,SB111,1515
TESTSB112,welcome1,welcome2,TEST,SB112,1516
TESTSB113,welcome1,welcome2,TEST,SB113,1517
TESTSB114,welcome1,welcome2,TEST,SB114,1518
TESTSB115,welcome1,welcome2,TEST,SB115,1519
TESTSB116,welcome1,welcome2,TEST,SB116,1520
TESTSB117,welcome1,welcome2,TEST,SB117,1521
TESTSB1,welcome1,welcome2,TEST,SB1,1522
TESTSB2,welcome1,welcome2,TEST,SB2,1523
TESTSB3,welcome1,welcome2,TEST,SB3,1524
TESTSB4,welcome1,welcome2,TEST,SB4,1525
TESTSB5,welcome1,welcome2,TEST,SB5,1526
TESTSB6,welcome1,welcome2,TEST,SB6,1527
TESTSB7,welcome1,welcome2,TEST,SB7,1528
TESTSB8,welcome1,welcome2,TEST,SB8,1529
TESTSB9,welcome1,welcome2,TEST,SB9,1530
TESTSB10,welcome1,welcome2,TEST,SB10,1531
TESTSB11,welcome1,welcome2,TEST,SB11,1532
TESTSB12,welcome1,welcome2,TEST,SB12,1533
TESTSB13,welcome1,welcome2,TEST,SB13,1534
TESTSB14,welcome1,welcome2,TEST,SB14,1535
TESTSB15,welcome1,welcome2,TEST,SB15,1536
TESTSB16,welcome1,welcome2,TEST,SB16,1537
TESTSB17,welcome1,welcome2,TEST,SB17,1538
TESTSB18,welcome1,welcome2,TEST,SB18,1539
TESTSB19,welcome1,welcome2,TEST,SB19,1540
TESTSB20,welcome1,welcome2,TEST,SB20,1541
TESTSB21,welcome1,welcome2,TEST,SB21,1542
TESTSB22,welcome1,welcome2,TEST,SB22,1543
TESTSB23,welcome1,welcome2,TEST,SB23,1544
TESTSB24,welcome1,welcome2,TEST,SB24,1545
TESTSB25,welcome1,welcome2,TEST,SB25,1546
TESTSB26,welcome1,welcome2,TEST,SB26,1547
TESTSB27,welcome1,welcome2,TEST,SB27,1548
TESTSB28,welcome1,welcome2,TEST,SB28,1549
TESTSB29,welcome1,welcome2,TEST,SB29,1550
TESTSB30,welcome1,welcome2,TEST,SB30,1551
TESTSB31,welcome1,welcome2,TEST,SB31,1552
TESTSB32,welcome1,welcome2,TEST,SB32,1553
TESTSB33,welcome1,welcome2,TEST,SB33,1554
TESTSB34,welcome1,welcome2,TEST,SB34,1555
TESTSB35,welcome1,welcome2,TEST,SB35,1556
TESTSB36,welcome1,welcome2,TEST,SB36,1557
TESTSB37,welcome1,welcome2,TEST,SB37,1558
TESTSB38,welcome1,welcome2,TEST,SB38,1559
TESTSB39,welcome1,welcome2,TEST,SB39,1560
TESTSB40,welcome1,welcome2,TEST,SB40,1561
TESTSB41,welcome1,welcome2,TEST,SB41,1562
TESTSB42,welcome1,welcome2,TEST,SB42,1563
TESTSB43,welcome1,welcome2,TEST,SB43,1564
TESTSB44,welcome1,welcome2,TEST,SB44,1565
TESTSB45,welcome1,welcome2,TEST,SB45,1566
TESTSB46,welcome1,welcome2,TEST,SB46,1567
TESTSB47,welcome1,welcome2,TEST,SB47,1568
TESTSB48,welcome1,welcome2,TEST,SB48,1569
TESTSB49,welcome1,welcome2,TEST,SB49,1570
TESTSB50,welcome1,welcome2,TEST,SB50,1571
TESTSB51,welcome1,welcome2,TEST,SB51,1572
TESTSB52,welcome1,welcome2,TEST,SB52,1573
TESTSB53,welcome1,welcome2,TEST,SB53,1574
TESTSB54,welcome1,welcome2,TEST,SB54,1575
TESTSB55,welcome1,welcome2,TEST,SB55,1576
TESTSB56,welcome1,welcome2,TEST,SB56,1577
TESTSB57,welcome1,welcome2,TEST,SB57,1578
TESTSB58,welcome1,welcome2,TEST,SB58,1579
TESTSB59,welcome1,welcome2,TEST,SB59,1580
TESTSB60,welcome1,welcome2,TEST,SB60,1581
TESTSB61,welcome1,welcome2,TEST,SB61,1582
TESTSB62,welcome1,welcome2,TEST,SB62,1583
TESTSB63,welcome1,welcome2,TEST,SB63,1584
TESTSB64,welcome1,welcome2,TEST,SB64,1585
TESTSB65,welcome1,welcome2,TEST,SB65,1586
TESTSB66,welcome1,welcome2,TEST,SB66,1587
TESTSB67,welcome1,welcome2,TEST,SB67,1588
TESTSB68,welcome1,welcome2,TEST,SB68,1589
TESTSB69,welcome1,welcome2,TEST,SB69,1590
TESTSB70,welcome1,welcome2,TEST,SB70,1591
TESTSB71,welcome1,welcome2,TEST,SB71,1592
TESTSB72,welcome1,welcome2,TEST,SB72,1593
TESTSB73,welcome1,welcome2,TEST,SB73,1594
TESTSB74,welcome1,welcome2,TEST,SB74,1595
TESTSB75,welcome1,welcome2,TEST,SB75,1596
TESTSB76,welcome1,welcome2,TEST,SB76,1597
TESTSB77,welcome1,welcome2,TEST,SB77,1598
TESTSB78,welcome1,welcome2,TEST,SB78,1599
TESTSB79,welcome1,welcome2,TEST,SB79,1600
TESTSB80,welcome1,welcome2,TEST,SB80,1601
TESTSB81,welcome1,welcome2,TEST,SB81,1602
TESTSB82,welcome1,welcome2,TEST,SB82,1603
TESTSB83,welcome1,welcome2,TEST,SB83,1604
TESTSB84,welcome1,welcome2,TEST,SB84,1605
TESTSB85,welcome1,welcome2,TEST,SB85,1606
TESTSB86,welcome1,welcome2,TEST,SB86,1607
TESTSB87,welcome1,welcome2,TEST,SB87,1608
TESTSB88,welcome1,welcome2,TEST,SB88,1609
TESTSB89,welcome1,welcome2,TEST,SB89,1610
TESTSB90,welcome1,welcome2,TEST,SB90,1611
TESTSB91,welcome1,welcome2,TEST,SB91,1612
TESTSB92,welcome1,welcome2,TEST,SB92,1613
TESTSB93,welcome1,welcome2,TEST,SB93,1614
TESTSB94,welcome1,welcome2,TEST,SB94,1615
TESTSB95,welcome1,welcome2,TEST,SB95,1616
TESTSB96,welcome1,welcome2,TEST,SB96,1617
TESTSB97,welcome1,welcome2,TEST,SB97,1618
TESTSB98,welcome1,welcome2,TEST,SB98,1619
TESTSB99,welcome1,welcome2,TEST,SB99,1620
TESTSB100,welcome1,welcome2,TEST,SB100,1621
TESTSB101,welcome1,welcome2,TEST,SB101,1622
TESTSB102,welcome1,welcome2,TEST,SB102,1623
TESTSB103,welcome1,welcome2,TEST,SB103,1624
TESTSB104,welcome1,welcome2,TEST,SB104,1625
TESTSB105,welcome1,welcome2,TEST,SB105,1626
TESTSB106,welcome1,welcome2,TEST,SB106,1627
TESTSB107,welcome1,welcome2,TEST,SB107,1628
TESTSB108,welcome1,welcome2,TEST,SB108,1629
TESTSB109,welcome1,welcome2,TEST,SB109,1630
TESTSB110,welcome1,welcome2,TEST,SB110,1631
TESTSB111,welcome1,welcome2,TEST,SB111,1632
TESTSB112,welcome1,welcome2,TEST,SB112,1633
TESTSB113,welcome1,welcome2,TEST,SB113,1634
TESTSB114,welcome1,welcome2,TEST,SB114,1635
TESTSB115,welcome1,welcome2,TEST,SB115,1636
TESTSB116,welcome1,welcome2,TEST,SB116,1637
TESTSB117,welcome1,welcome2,TEST,SB117,1638
TESTSB1,welcome1,welcome2,TEST,SB1,1639
TESTSB2,welcome1,welcome2,TEST,SB2,1640
TESTSB3,welcome1,welcome2,TEST,SB3,1641
TESTSB4,welcome1,welcome2,TEST,SB4,1642
TESTSB5,welcome1,welcome2,TEST,SB5,1643
TESTSB6,welcome1,welcome2,TEST,SB6,1644
TESTSB7,welcome1,welcome2,TEST,SB7,1645
TESTSB8,welcome1,welcome2,TEST,SB8,1646
TESTSB9,welcome1,welcome2,TEST,SB9,1647
TESTSB10,welcome1,welcome2,TEST,SB10,1648
TESTSB11,welcome1,welcome2,TEST,SB11,1649
TESTSB12,welcome1,welcome2,TEST,SB12,1650
TESTSB13,welcome1,welcome2,TEST,SB13,1651
TESTSB14,welcome1,welcome2,TEST,SB14,1652
TESTSB15,welcome1,welcome2,TEST,SB15,1653
TESTSB16,welcome1,welcome2,TEST,SB16,1654
TESTSB17,welcome1,welcome2,TEST,SB17,1655
TESTSB18,welcome1,welcome2,TEST,SB18,1656
TESTSB19,welcome1,welcome2,TEST,SB19,1657
TESTSB20,welcome1,welcome2,TEST,SB20,1658
TESTSB21,welcome1,welcome2,TEST,SB21,1659
TESTSB22,welcome1,welcome2,TEST,SB22,1660
TESTSB23,welcome1,welcome2,TEST,SB23,1661
TESTSB24,welcome1,welcome2,TEST,SB24,1662
TESTSB25,welcome1,welcome2,TEST,SB25,1663
TESTSB26,welcome1,welcome2,TEST,SB26,1664
TESTSB27,welcome1,welcome2,TEST,SB27,1665
TESTSB28,welcome1,welcome2,TEST,SB28,1666
TESTSB29,welcome1,welcome2,TEST,SB29,1667
TESTSB30,welcome1,welcome2,TEST,SB30,1668
TESTSB31,welcome1,welcome2,TEST,SB31,1669
TESTSB32,welcome1,welcome2,TEST,SB32,1670
TESTSB33,welcome1,welcome2,TEST,SB33,1671
TESTSB34,welcome1,welcome2,TEST,SB34,1672
TESTSB35,welcome1,welcome2,TEST,SB35,1673
TESTSB36,welcome1,welcome2,TEST,SB36,1674
TESTSB37,welcome1,welcome2,TEST,SB37,1675
TESTSB38,welcome1,welcome2,TEST,SB38,1676
TESTSB39,welcome1,welcome2,TEST,SB39,1677
TESTSB40,welcome1,welcome2,TEST,SB40,1678
TESTSB41,welcome1,welcome2,TEST,SB41,1679
TESTSB42,welcome1,welcome2,TEST,SB42,1680
TESTSB43,welcome1,welcome2,TEST,SB43,1681
TESTSB44,welcome1,welcome2,TEST,SB44,1682
TESTSB45,welcome1,welcome2,TEST,SB45,1683
TESTSB46,welcome1,welcome2,TEST,SB46,1684
TESTSB47,welcome1,welcome2,TEST,SB47,1685
TESTSB48,welcome1,welcome2,TEST,SB48,1686
TESTSB49,welcome1,welcome2,TEST,SB49,1687
TESTSB50,welcome1,welcome2,TEST,SB50,1688
TESTSB51,welcome1,welcome2,TEST,SB51,1689
TESTSB52,welcome1,welcome2,TEST,SB52,1690
TESTSB53,welcome1,welcome2,TEST,SB53,1691
TESTSB54,welcome1,welcome2,TEST,SB54,1692
TESTSB55,welcome1,welcome2,TEST,SB55,1693
TESTSB56,welcome1,welcome2,TEST,SB56,1694
TESTSB57,welcome1,welcome2,TEST,SB57,1695
TESTSB58,welcome1,welcome2,TEST,SB58,1696
TESTSB59,welcome1,welcome2,TEST,SB59,1697
TESTSB60,welcome1,welcome2,TEST,SB60,1698
TESTSB61,welcome1,welcome2,TEST,SB61,1699
TESTSB62,welcome1,welcome2,TEST,SB62,1700
TESTSB63,welcome1,welcome2,TEST,SB63,1701
TESTSB64,welcome1,welcome2,TEST,SB64,1702
TESTSB65,welcome1,welcome2,TEST,SB65,1703
TESTSB66,welcome1,welcome2,TEST,SB66,1704
TESTSB67,welcome1,welcome2,TEST,SB67,1705
TESTSB68,welcome1,welcome2,TEST,SB68,1706
TESTSB69,welcome1,welcome2,TEST,SB69,1707
TESTSB70,welcome1,welcome2,TEST,SB70,1708
TESTSB71,welcome1,welcome2,TEST,SB71,1709
TESTSB72,welcome1,welcome2,TEST,SB72,1710
TESTSB73,welcome1,welcome2,TEST,SB73,1711
TESTSB74,welcome1,welcome2,TEST,SB74,1712
TESTSB75,welcome1,welcome2,TEST,SB75,1713
TESTSB76,welcome1,welcome2,TEST,SB76,1714
TESTSB77,welcome1,welcome2,TEST,SB77,1715
TESTSB78,welcome1,welcome2,TEST,SB78,1716
TESTSB79,welcome1,welcome2,TEST,SB79,1717
TESTSB80,welcome1,welcome2,TEST,SB80,1718
TESTSB81,welcome1,welcome2,TEST,SB81,1719
TESTSB82,welcome1,welcome2,TEST,SB82,1720
TESTSB83,welcome1,welcome2,TEST,SB83,1721
TESTSB84,welcome1,welcome2,TEST,SB84,1722
TESTSB85,welcome1,welcome2,TEST,SB85,1723
TESTSB86,welcome1,welcome2,TEST,SB86,1724
TESTSB87,welcome1,welcome2,TEST,SB87,1725
TESTSB88,welcome1,welcome2,TEST,SB88,1726
TESTSB89,welcome1,welcome2,TEST,SB89,1727
TESTSB90,welcome1,welcome2,TEST,SB90,1728
TESTSB91,welcome1,welcome2,TEST,SB91,1729
TESTSB92,welcome1,welcome2,TEST,SB92,1730
TESTSB93,welcome1,welcome2,TEST,SB93,1731
TESTSB94,welcome1,welcome2,TEST,SB94,1732
TESTSB95,welcome1,welcome2,TEST,SB95,1733
TESTSB96,welcome1,welcome2,TEST,SB96,1734
TESTSB97,welcome1,welcome2,TEST,SB97,1735
TESTSB98,welcome1,welcome2,TEST,SB98,1736
TESTSB99,welcome1,welcome2,TEST,SB99,1737
TESTSB100,welcome1,welcome2,TEST,SB100,1738
TESTSB101,welcome1,welcome2,TEST,SB101,1739
TESTSB102,welcome1,welcome2,TEST,SB102,1740
TESTSB103,welcome1,welcome2,TEST,SB103,1741
TESTSB104,welcome1,welcome2,TEST,SB104,1742
TESTSB105,welcome1,welcome2,TEST,SB105,1743
TESTSB106,welcome1,welcome2,TEST,SB106,1744
TESTSB107,welcome1,welcome2,TEST,SB107,1745
TESTSB108,welcome1,welcome2,TEST,SB108,1746
TESTSB109,welcome1,welcome2,TEST,SB109,1747
TESTSB110,welcome1,welcome2,TEST,SB110,1748
TESTSB111,welcome1,welcome2,TEST,SB111,1749
TESTSB112,welcome1,welcome2,TEST,SB112,1750
TESTSB113,welcome1,welcome2,TEST,SB113,1751
TESTSB114,welcome1,welcome2,TEST,SB114,1752
TESTSB115,welcome1,welcome2,TEST,SB115,1753
TESTSB116,welcome1,welcome2,TEST,SB116,1754
TESTSB117,welcome1,welcome2,TEST,SB117,1755
TESTSB1,welcome1,welcome2,TEST,SB1,1756
TESTSB2,welcome1,welcome2,TEST,SB2,1757
TESTSB3,welcome1,welcome2,TEST,SB3,1758
TESTSB4,welcome1,welcome2,TEST,SB4,1759
TESTSB5,welcome1,welcome2,TEST,SB5,1760
TESTSB6,welcome1,welcome2,TEST,SB6,1761
TESTSB7,welcome1,welcome2,TEST,SB7,1762
TESTSB8,welcome1,welcome2,TEST,SB8,1763
TESTSB9,welcome1,welcome2,TEST,SB9,1764
TESTSB10,welcome1,welcome2,TEST,SB10,1765
TESTSB11,welcome1,welcome2,TEST,SB11,1766
TESTSB12,welcome1,welcome2,TEST,SB12,1767
TESTSB13,welcome1,welcome2,TEST,SB13,1768
TESTSB14,welcome1,welcome2,TEST,SB14,1769
TESTSB15,welcome1,welcome2,TEST,SB15,1770
TESTSB16,welcome1,welcome2,TEST,SB16,1771
TESTSB17,welcome1,welcome2,TEST,SB17,1772
TESTSB18,welcome1,welcome2,TEST,SB18,1773
TESTSB19,welcome1,welcome2,TEST,SB19,1774
TESTSB20,welcome1,welcome2,TEST,SB20,1775
TESTSB21,welcome1,welcome2,TEST,SB21,1776
TESTSB22,welcome1,welcome2,TEST,SB22,1777
TESTSB23,welcome1,welcome2,TEST,SB23,1778
TESTSB24,welcome1,welcome2,TEST,SB24,1779
TESTSB25,welcome1,welcome2,TEST,SB25,1780
TESTSB26,welcome1,welcome2,TEST,SB26,1781
TESTSB27,welcome1,welcome2,TEST,SB27,1782
TESTSB28,welcome1,welcome2,TEST,SB28,1783
TESTSB29,welcome1,welcome2,TEST,SB29,1784
TESTSB30,welcome1,welcome2,TEST,SB30,1785
TESTSB31,welcome1,welcome2,TEST,SB31,1786
TESTSB32,welcome1,welcome2,TEST,SB32,1787
TESTSB33,welcome1,welcome2,TEST,SB33,1788
TESTSB34,welcome1,welcome2,TEST,SB34,1789
TESTSB35,welcome1,welcome2,TEST,SB35,1790
TESTSB36,welcome1,welcome2,TEST,SB36,1791
TESTSB37,welcome1,welcome2,TEST,SB37,1792
TESTSB38,welcome1,welcome2,TEST,SB38,1793
TESTSB39,welcome1,welcome2,TEST,SB39,1794
TESTSB40,welcome1,welcome2,TEST,SB40,1795
TESTSB41,welcome1,welcome2,TEST,SB41,1796
TESTSB42,welcome1,welcome2,TEST,SB42,1797
TESTSB43,welcome1,welcome2,TEST,SB43,1798
TESTSB44,welcome1,welcome2,TEST,SB44,1799
TESTSB45,welcome1,welcome2,TEST,SB45,1800
TESTSB46,welcome1,welcome2,TEST,SB46,1801
TESTSB47,welcome1,welcome2,TEST,SB47,1802
TESTSB48,welcome1,welcome2,TEST,SB48,1803
TESTSB49,welcome1,welcome2,TEST,SB49,1804
TESTSB50,welcome1,welcome2,TEST,SB50,1805
TESTSB51,welcome1,welcome2,TEST,SB51,1806
TESTSB52,welcome1,welcome2,TEST,SB52,1807
TESTSB53,welcome1,welcome2,TEST,SB53,1808
TESTSB54,welcome1,welcome2,TEST,SB54,1809
TESTSB55,welcome1,welcome2,TEST,SB55,1810
TESTSB56,welcome1,welcome2,TEST,SB56,1811
TESTSB57,welcome1,welcome2,TEST,SB57,1812
TESTSB58,welcome1,welcome2,TEST,SB58,1813
TESTSB59,welcome1,welcome2,TEST,SB59,1814
TESTSB60,welcome1,welcome2,TEST,SB60,1815
TESTSB61,welcome1,welcome2,TEST,SB61,1816
TESTSB62,welcome1,welcome2,TEST,SB62,1817
TESTSB63,welcome1,welcome2,TEST,SB63,1818
TESTSB64,welcome1,welcome2,TEST,SB64,1819
TESTSB65,welcome1,welcome2,TEST,SB65,1820
TESTSB66,welcome1,welcome2,TEST,SB66,1821
TESTSB67,welcome1,welcome2,TEST,SB67,1822
TESTSB68,welcome1,welcome2,TEST,SB68,1823
TESTSB69,welcome1,welcome2,TEST,SB69,1824
TESTSB70,welcome1,welcome2,TEST,SB70,1825
TESTSB71,welcome1,welcome2,TEST,SB71,1826
TESTSB72,welcome1,welcome2,TEST,SB72,1827
TESTSB73,welcome1,welcome2,TEST,SB73,1828
TESTSB74,welcome1,welcome2,TEST,SB74,1829
TESTSB75,welcome1,welcome2,TEST,SB75,1830
TESTSB76,welcome1,welcome2,TEST,SB76,1831
TESTSB77,welcome1,welcome2,TEST,SB77,1832
TESTSB78,welcome1,welcome2,TEST,SB78,1833
TESTSB79,welcome1,welcome2,TEST,SB79,1834
TESTSB80,welcome1,welcome2,TEST,SB80,1835
TESTSB81,welcome1,welcome2,TEST,SB81,1836
TESTSB82,welcome1,welcome2,TEST,SB82,1837
TESTSB83,welcome1,welcome2,TEST,SB83,1838
TESTSB84,welcome1,welcome2,TEST,SB84,1839
TESTSB85,welcome1,welcome2,TEST,SB85,1840
TESTSB86,welcome1,welcome2,TEST,SB86,1841
TESTSB87,welcome1,welcome2,TEST,SB87,1842
TESTSB88,welcome1,welcome2,TEST,SB88,1843
TESTSB89,welcome1,welcome2,TEST,SB89,1844
TESTSB90,welcome1,welcome2,TEST,SB90,1845
TESTSB91,welcome1,welcome2,TEST,SB91,1846
TESTSB92,welcome1,welcome2,TEST,SB92,1847
TESTSB93,welcome1,welcome2,TEST,SB93,1848
TESTSB94,welcome1,welcome2,TEST,SB94,1849
TESTSB95,welcome1,welcome2,TEST,SB95,1850
TESTSB96,welcome1,welcome2,TEST,SB96,1851
TESTSB97,welcome1,welcome2,TEST,SB97,1852
TESTSB98,welcome1,welcome2,TEST,SB98,1853
TESTSB99,welcome1,welcome2,TEST,SB99,1854
TESTSB100,welcome1,welcome2,TEST,SB100,1855
TESTSB101,welcome1,welcome2,TEST,SB101,1856
TESTSB102,welcome1,welcome2,TEST,SB102,1857
TESTSB103,welcome1,welcome2,TEST,SB103,1858
TESTSB104,welcome1,welcome2,TEST,SB104,1859
TESTSB105,welcome1,welcome2,TEST,SB105,1860
TESTSB106,welcome1,welcome2,TEST,SB106,1861
TESTSB107,welcome1,welcome2,TEST,SB107,1862
TESTSB108,welcome1,welcome2,TEST,SB108,1863
TESTSB109,welcome1,welcome2,TEST,SB109,1864
TESTSB110,welcome1,welcome2,TEST,SB110,1865
TESTSB111,welcome1,welcome2,TEST,SB111,1866
TESTSB112,welcome1,welcome2,TEST,SB112,1867
TESTSB113,welcome1,welcome2,TEST,SB113,1868
TESTSB114,welcome1,welcome2,TEST,SB114,1869
TESTSB115,welcome1,welcome2,TEST,SB115,1870
TESTSB116,welcome1,welcome2,TEST,SB116,1871
TESTSB117,welcome1,welcome2,TEST,SB117,1872
TESTSB1,welcome1,welcome2,TEST,SB1,1873
TESTSB2,welcome1,welcome2,TEST,SB2,1874
TESTSB3,welcome1,welcome2,TEST,SB3,1875
TESTSB4,welcome1,welcome2,TEST,SB4,1876
TESTSB5,welcome1,welcome2,TEST,SB5,1877
TESTSB6,welcome1,welcome2,TEST,SB6,1878
TESTSB7,welcome1,welcome2,TEST,SB7,1879
TESTSB8,welcome1,welcome2,TEST,SB8,1880
TESTSB9,welcome1,welcome2,TEST,SB9,1881
TESTSB10,welcome1,welcome2,TEST,SB10,1882
TESTSB11,welcome1,welcome2,TEST,SB11,1883
TESTSB12,welcome1,welcome2,TEST,SB12,1884
TESTSB13,welcome1,welcome2,TEST,SB13,1885
TESTSB14,welcome1,welcome2,TEST,SB14,1886
TESTSB15,welcome1,welcome2,TEST,SB15,1887
TESTSB16,welcome1,welcome2,TEST,SB16,1888
TESTSB17,welcome1,welcome2,TEST,SB17,1889
TESTSB18,welcome1,welcome2,TEST,SB18,1890
TESTSB19,welcome1,welcome2,TEST,SB19,1891
TESTSB20,welcome1,welcome2,TEST,SB20,1892
TESTSB21,welcome1,welcome2,TEST,SB21,1893
TESTSB22,welcome1,welcome2,TEST,SB22,1894
TESTSB23,welcome1,welcome2,TEST,SB23,1895
TESTSB24,welcome1,welcome2,TEST,SB24,1896
TESTSB25,welcome1,welcome2,TEST,SB25,1897
TESTSB26,welcome1,welcome2,TEST,SB26,1898
TESTSB27,welcome1,welcome2,TEST,SB27,1899
TESTSB28,welcome1,welcome2,TEST,SB28,1900
TESTSB29,welcome1,welcome2,TEST,SB29,1901
TESTSB30,welcome1,welcome2,TEST,SB30,1902
TESTSB31,welcome1,welcome2,TEST,SB31,1903
TESTSB32,welcome1,welcome2,TEST,SB32,1904
TESTSB33,welcome1,welcome2,TEST,SB33,1905
TESTSB34,welcome1,welcome2,TEST,SB34,1906
TESTSB35,welcome1,welcome2,TEST,SB35,1907
TESTSB36,welcome1,welcome2,TEST,SB36,1908
TESTSB37,welcome1,welcome2,TEST,SB37,1909
TESTSB38,welcome1,welcome2,TEST,SB38,1910
TESTSB39,welcome1,welcome2,TEST,SB39,1911
TESTSB40,welcome1,welcome2,TEST,SB40,1912
TESTSB41,welcome1,welcome2,TEST,SB41,1913
TESTSB42,welcome1,welcome2,TEST,SB42,1914
TESTSB43,welcome1,welcome2,TEST,SB43,1915
TESTSB44,welcome1,welcome2,TEST,SB44,1916
TESTSB45,welcome1,welcome2,TEST,SB45,1917
TESTSB46,welcome1,welcome2,TEST,SB46,1918
TESTSB47,welcome1,welcome2,TEST,SB47,1919
TESTSB48,welcome1,welcome2,TEST,SB48,1920
TESTSB49,welcome1,welcome2,TEST,SB49,1921
TESTSB50,welcome1,welcome2,TEST,SB50,1922
TESTSB51,welcome1,welcome2,TEST,SB51,1923
TESTSB52,welcome1,welcome2,TEST,SB52,1924
TESTSB53,welcome1,welcome2,TEST,SB53,1925
TESTSB54,welcome1,welcome2,TEST,SB54,1926
TESTSB55,welcome1,welcome2,TEST,SB55,1927
TESTSB56,welcome1,welcome2,TEST,SB56,1928
TESTSB57,welcome1,welcome2,TEST,SB57,1929
TESTSB58,welcome1,welcome2,TEST,SB58,1930
TESTSB59,welcome1,welcome2,TEST,SB59,1931
TESTSB60,welcome1,welcome2,TEST,SB60,1932
TESTSB61,welcome1,welcome2,TEST,SB61,1933
TESTSB62,welcome1,welcome2,TEST,SB62,1934
TESTSB63,welcome1,welcome2,TEST,SB63,1935
TESTSB64,welcome1,welcome2,TEST,SB64,1936
TESTSB65,welcome1,welcome2,TEST,SB65,1937
TESTSB66,welcome1,welcome2,TEST,SB66,1938
TESTSB67,welcome1,welcome2,TEST,SB67,1939
TESTSB68,welcome1,welcome2,TEST,SB68,1940
TESTSB69,welcome1,welcome2,TEST,SB69,1941
TESTSB70,welcome1,welcome2,TEST,SB70,1942
TESTSB71,welcome1,welcome2,TEST,SB71,1943
TESTSB72,welcome1,welcome2,TEST,SB72,1944
TESTSB73,welcome1,welcome2,TEST,SB73,1945
TESTSB74,welcome1,welcome2,TEST,SB74,1946
TESTSB75,welcome1,welcome2,TEST,SB75,1947
TESTSB76,welcome1,welcome2,TEST,SB76,1948
TESTSB77,welcome1,welcome2,TEST,SB77,1949
TESTSB78,welcome1,welcome2,TEST,SB78,1950
TESTSB79,welcome1,welcome2,TEST,SB79,1951
TESTSB80,welcome1,welcome2,TEST,SB80,1952
TESTSB81,welcome1,welcome2,TEST,SB81,1953
TESTSB82,welcome1,welcome2,TEST,SB82,1954
TESTSB83,welcome1,welcome2,TEST,SB83,1955
TESTSB84,welcome1,welcome2,TEST,SB84,1956
TESTSB85,welcome1,welcome2,TEST,SB85,1957
TESTSB86,welcome1,welcome2,TEST,SB86,1958
TESTSB87,welcome1,welcome2,TEST,SB87,1959
TESTSB88,welcome1,welcome2,TEST,SB88,1960
TESTSB89,welcome1,welcome2,TEST,SB89,1961
TESTSB90,welcome1,welcome2,TEST,SB90,1962
TESTSB91,welcome1,welcome2,TEST,SB91,1963
TESTSB92,welcome1,welcome2,TEST,SB92,1964
TESTSB93,welcome1,welcome2,TEST,SB93,1965
TESTSB94,welcome1,welcome2,TEST,SB94,1966
TESTSB95,welcome1,welcome2,TEST,SB95,1967
TESTSB96,welcome1,welcome2,TEST,SB96,1968
TESTSB97,welcome1,welcome2,TEST,SB97,1969
TESTSB98,welcome1,welcome2,TEST,SB98,1970
TESTSB99,welcome1,welcome2,TEST,SB99,1971
TESTSB100,welcome1,welcome2,TEST,SB100,1972
TESTSB101,welcome1,welcome2,TEST,SB101,1973
TESTSB102,welcome1,welcome2,TEST,SB102,1974
TESTSB103,welcome1,welcome2,TEST,SB103,1975
TESTSB104,welcome1,welcome2,TEST,SB104,1976
TESTSB105,welcome1,welcome2,TEST,SB105,1977
TESTSB106,welcome1,welcome2,TEST,SB106,1978
TESTSB107,welcome1,welcome2,TEST,SB107,1979
TESTSB108,welcome1,welcome2,TEST,SB108,1980
TESTSB109,welcome1,welcome2,TEST,SB109,1981
TESTSB110,welcome1,welcome2,TEST,SB110,1982
TESTSB111,welcome1,welcome2,TEST,SB111,1983
TESTSB112,welcome1,welcome2,TEST,SB112,1984
TESTSB113,welcome1,welcome2,TEST,SB113,1985
TESTSB114,welcome1,welcome2,TEST,SB114,1986
TESTSB115,welcome1,welcome2,TEST,SB115,1987
TESTSB116,welcome1,welcome2,TEST,SB116,1988
TESTSB117,welcome1,welcome2,TEST,SB117,1989
